Workbook

Sheet novatel_oem615_nominal
A1: CCSDS_STREAMID | B1: CCSDS_SEQUENCE | C1: CCSDS_LENGTH | D1: CCSDS_SECONDS | E1: CCSDS_SUBSECS | F1: CCSDS_SPARE | G1: GPS_WEEKS | H1: GPS_SECONDS | I1: GPS_FRAC_SECS | J1: ECEF_X | K1: ECEF_Y | L1: ECEF_Z | M1: VEL_X | N1: VEL_Y | O1: VEL_Z | P1: LAT | Q1: LON | R1: ALT
A2: 2161 | B2: 49333 | C2: 83 | D2: 61 | E2: 39976 | F2: 0 | G2: 341 | H2: 150279 | I2: 0.984 | J2: -2616000 | K2: -6243000 | L2: 354700 | M2: 4029 | N2: -1342 | O2: 6029 | P2: 2.6376984 | Q2: -113.00284 | R2: 400004.56
A3: 2161 | B3: 49334 | C3: 83 | D3: 61 | E3: 56360 | F3: 0 | G3: 341 | H3: 150280 | I3: 0.234 | J3: -2615000 | K3: -6243000 | L3: 356200 | M3: 4030 | N3: -1340 | O3: 6029 | P3: 2.6376984 | Q3: -113.00284 | R3: 400004.56
A4: 2161 | B4: 49335 | C4: 83 | D4: 62 | E4: 7208 | F4: 0 | G4: 341 | H4: 150280 | I4: 0.484 | J4: -2614000 | K4: -6243000 | L4: 357700 | M4: 4030 | N4: -1338 | O4: 6029 | P4: 2.6376984 | Q4: -113.00284 | R4: 400004.56
A5: 2161 | B5: 49336 | C5: 83 | D5: 62 | E5: 23592 | F5: 0 | G5: 341 | H5: 150280 | I5: 0.484 | J5: -2614000 | K5: -6243000 | L5: 357700 | M5: 4030 | N5: -1338 | O5: 6029 | P5: 3.0573797 | Q5: -112.71042 | R5: 399992.47
A6: 2161 | B6: 49337 | C6: 83 | D6: 62 | E6: 56360 | F6: 0 | G6: 341 | H6: 150281 | I6: 0.234 | J6: -2611000 | K6: -6244000 | L6: 362200 | M6: 4033 | N6: -1333 | O6: 6029 | P6: 3.0573797 | Q6: -112.71042 | R6: 399992.47
A7: 2161 | B7: 49338 | C7: 83 | D7: 63 | E7: 7208 | F7: 0 | G7: 341 | H7: 150281 | I7: 0.484 | J7: -2610000 | K7: -6245000 | L7: 363700 | M7: 4034 | N7: -1331 | O7: 6029 | P7: 3.0573797 | Q7: -112.71042 | R7: 399992.47
A8: 2161 | B8: 49339 | C8: 83 | D8: 63 | E8: 23592 | F8: 0 | G8: 341 | H8: 150281 | I8: 0.734 | J8: -2609000 | K8: -6245000 | L8: 365200 | M8: 4034 | N8: -1329 | O8: 6028 | P8: 3.0573797 | Q8: -112.71042 | R8: 399992.47
A9: 2161 | B9: 49340 | C9: 83 | D9: 63 | E9: 39976 | F9: 0 | G9: 341 | H9: 150281 | I9: 0.984 | J9: -2608000 | K9: -6245000 | L9: 366700 | M9: 4035 | N9: -1327 | O9: 6028 | P9: 3.0573797 | Q9: -112.71042 | R9: 399992.47
A10: 2161 | B10: 49341 | C10: 83 | D10: 63 | E10: 56360 | F10: 0 | G10: 341 | H10: 150282 | I10: 0.234 | J10: -2607000 | K10: -6246000 | L10: 368200 | M10: 4036 | N10: -1325 | O10: 6028 | P10: 3.0573797 | Q10: -112.71042 | R10: 399992.47
A11: 2161 | B11: 49342 | C11: 83 | D11: 64 | E11: 7208 | F11: 0 | G11: 341 | H11: 150282 | I11: 0.484 | J11: -2606000 | K11: -6246000 | L11: 369700 | M11: 4037 | N11: -1323 | O11: 6028 | P11: 3.0573797 | Q11: -112.71042 | R11: 399992.47
A12: 2161 | B12: 49343 | C12: 83 | D12: 64 | E12: 23592 | F12: 0 | G12: 341 | H12: 150282 | I12: 0.734 | J12: -2605000 | K12: -6246000 | L12: 371200 | M12: 4037 | N12: -1322 | O12: 6028 | P12: 3.0573797 | Q12: -112.71042 | R12: 399992.47
A13: 2161 | B13: 49344 | C13: 83 | D13: 64 | E13: 39976 | F13: 0 | G13: 341 | H13: 150282 | I13: 0.984 | J13: -2604000 | K13: -6247000 | L13: 372600 | M13: 4038 | N13: -1320 | O13: 6028 | P13: 3.0573797 | Q13: -112.71042 | R13: 399992.47
... A2179: 2161 | B2179: 51561 | C2179: 83 | D2179: 646 | E2179: 12451 | F2179: 0 | G2179: 341 | H2179: 150864 | I2179: 0.734 | J2179: 97250 | K2179: -5770000 | L2179: 3524000 | M2179: 5076 | N2179: 2903 | O2179: 4518 | P2179: 31.129728 | Q2179: -89.522995 | R2179: 390000.19

Sheet generic_imu_nominal
A1: CCSDS_STREAMID | B1: CCSDS_SEQUENCE | C1: CCSDS_LENGTH | D1: CCSDS_SECONDS | E1: CCSDS_SUBSECS | F1: CCSDS_SPARE | G1: X_LINEAR_ACCELERATION | H1: X_ANGULAR_RATE | I1: Y_LINEAR_ACCELERATION | J1: Y_ANGULAR_RATE | K1: Z_LINEAR_ACCELERATION | L1: Z_ANGULAR_RATE
A2: 2342 | B2: 49203 | C2: 33 | D2: 62 | E2: 1310 | F2: 0 | G2: -0.0014966354 | H2: 0.0043004751 | I2: 0.0014317408 | J2: 0.003489852 | K2: -0.0039344653 | L2: -0.030532479
A3: 2342 | B3: 49204 | C3: 33 | D3: 63 | E3: 1310 | F3: 0 | G3: -0.0013470277 | H3: -0.0059992075 | I3: -0.00011082739 | J3: 0.0038713217 | K3: -0.0031888112 | L3: -0.029245019
A4: 2342 | B4: 49205 | C4: 33 | D4: 64 | E4: 1310 | F4: 0 | G4: -0.0013666973 | H4: 0.0039190054 | I4: 0.0014186278 | J4: 0.0029653311 | K4: -0.0033157691 | L4: -0.028386712
A5: 2342 | B5: 49206 | C5: 33 | D5: 65 | E5: 1310 | F5: 0 | G5: -0.0012701377 | H5: -0.0061184168 | I5: -7.8640878e-05 | J5: 0.0037282705 | K5: -0.0026529655 | L5: -0.028434396
A6: 2342 | B6: 49207 | C6: 33 | D6: 66 | E6: 1310 | F6: 0 | G6: -0.0013297424 | H6: 0.0059217215 | I6: 0.001716651 | J6: 0.0037759542 | K6: -0.0022941455 | L6: -0.027266145
A7: 2342 | B7: 49208 | C7: 33 | D7: 67 | E7: 1310 | F7: 0 | G7: -0.0011467561 | H7: -0.0073105097 | I7: -0.00020142645 | J7: 0.0032514334 | K7: -0.0021105632 | L7: -0.026288629
A8: 2342 | B8: 49209 | C8: 33 | D8: 68 | E8: 1310 | F8: 0 | G8: -0.0013196096 | H8: 0.0063508749 | I8: 0.0018227473 | J8: 0.0023454428 | K8: -0.0024294481 | L8: -0.02643168
A9: 2342 | B9: 49210 | C9: 33 | D9: 69 | E9: 1310 | F9: 0 | G9: -0.0010889396 | H9: -0.0091224909 | I9: -0.00043209642 | J9: 0.0032514334 | K9: -0.0015675649 | L9: -0.025120378
A10: 2342 | B10: 49211 | C10: 33 | D10: 70 | E10: 1310 | F10: 0 | G10: -0.0011866912 | H10: 0.0066369772 | I10: 0.0018179789 | J10: 0.0033468008 | K10: -0.0013106689 | L10: -0.024262071
A11: 2342 | B11: 49212 | C11: 33 | D11: 71 | E11: 1310 | F11: 0 | G11: -0.00098463148 | H11: -0.0076681376 | I11: -0.00020321459 | J11: 0.0029176474 | K11: -0.001286231 | L11: -0.024309754
A12: 2342 | B12: 49213 | C12: 33 | D12: 72 | E12: 1310 | F12: 0 | G12: -0.0012266263 | H12: 0.0080674887 | I12: 0.0020301715 | J12: 0.0020116568 | K12: -0.0014692172 | L12: -0.02309382
A13: 2342 | B13: 49214 | C13: 33 | D13: 73 | E13: 1310 | F13: 0 | G13: -0.00085648149 | H13: -0.0087887049 | I13: -0.00034388155 | J13: 0.0029653311 | K13: -0.00071879476 | L13: -0.022116303
... A584: 2342 | B584: 49787 | C584: 33 | D584: 646 | E584: 1310 | F584: 0 | G584: -0.00043924898 | H584: 0.0074476004 | I584: 0.00071529299 | J584: 0.00077188015 | K584: 0.00041250139 | L584: 0.00029504299

Sheet Nominal
A1: Novatel timestamp | C1: ECEF_X | D1: ECEF_Y | E1: ECEF_Z | F1: VEL_X | G1: VEL_Y | H1: VEL_Z | I1: LAT | J1: LON | K1: ALT | M1: X_LINEAR_ACCELERATION | N1: X_ANGULAR_RATE | O1: Y_LINEAR_ACCELERATION | P1: Y_ANGULAR_RATE | Q1: Z_LINEAR_ACCELERATION | R1: Z_ANGULAR_RATE | AJ1: time_jump | AK1: pos_jump | AL1: velocity_mismatch | AM1: imu_mismatch | AN1: stale_gnss | AO1: heading_mismatch | AP1: frozen_position
A2: {=novatel_oem615_nominal!G1100:G2179*604800+novatel_oem615_nominal!H1100:H2179+novatel_oem615_nominal!I1100:I2179} -> 2.0638737e+08 | C2: {=novatel_oem615_nominal!J1100:J2179} -> -1327000 | D2: {=novatel_oem615_nominal!K1100:K2179} -> -6315000 | E2: {=novatel_oem615_nominal!L1100:L2179} -> 2060000 | F2: {=novatel_oem615_nominal!M1100:M2179} -> 4765 | G2: {=novatel_oem615_nominal!N1100:N2179} -> 845.9 | H2: {=novatel_oem615_nominal!O1100:O2179} -> 5570 | I2: {=novatel_oem615_nominal!P1100:P2179} -> 17.674484 | J2: {=novatel_oem615_nominal!Q1100:Q2179} -> -101.97807 | K2: {=novatel_oem615_nominal!R1100:R2179} -> 397258.62 | M2: {=generic_imu_nominal!G293:G584} -> 0.00027064234 | N2: {=generic_imu_nominal!H293:H584} -> -0.0076442957 | O2: {=generic_imu_nominal!I293:I584} -> -0.0007706508 | P2: {=generic_imu_nominal!J293:J584} -> 0.00081956387 | Q2: {=generic_imu_nominal!K293:K584} -> 0.00028256327 | R2: {=generic_imu_nominal!L293:L584} -> 0.00010430813 | AJ2: 1 | AK2: =NA() -> #N/A | AL2: 3 | AM2: 4 | AN2: 5 | AO2: =NA() -> #N/A | AP2: =NA() -> #N/A
A3: 2.0638737e+08 | C3: -1326000 | D3: -6314000 | E3: 2061000 | F3: 4765 | G3: 847.8 | H3: 5569 | I3: 17.674484 | J3: -101.97807 | K3: 397258.62 | M3: -0.00057455152 | N3: 0.0089257956 | O3: 0.00087145716 | P3: 0.00053346157 | Q3: 0.00035289675 | R3: 0.00015199184 | AJ3: 1 | AK3: =NA() -> #N/A | AL3: 3 | AM3: =NA() -> #N/A | AN3: =NA() -> #N/A | AO3: =NA() -> #N/A | AP3: =NA() -> #N/A
A4: 2.0638737e+08 | C4: -1325000 | D4: -6314000 | E4: 2063000 | F4: 4766 | G4: 849.6 | H4: 5569 | I4: 17.674484 | J4: -101.97807 | K4: 397258.62 | M4: 0.00026468188 | N4: -0.0073820353 | O4: -0.00074382871 | P4: 0.00077188015 | Q4: 0.00026229769 | R4: 5.6624413e-05 | AJ4: =NA() -> #N/A | AK4: =NA() -> #N/A | AL4: =NA() -> #N/A | AM4: =NA() -> #N/A | AN4: =NA() -> #N/A | AO4: =NA() -> #N/A | AP4: =NA() -> #N/A
A5: 2.0638738e+08 | C5: -1323000 | D5: -6314000 | E5: 2065000 | F5: 4767 | G5: 853.3 | H5: 5567 | I5: 17.674484 | J5: -101.97807 | K5: 397258.62 | M5: -0.00045772642 | N5: 0.0075429678 | O5: 0.00073675066 | P5: 0.00053346157 | Q5: 0.00033143908 | R5: 0.00010430813 | AJ5: =NA() -> #N/A | AK5: =NA() -> #N/A | AL5: =NA() -> #N/A | AM5: =NA() -> #N/A | AN5: =NA() -> #N/A | AO5: =NA() -> #N/A | AP5: =NA() -> #N/A
A6: 2.0638738e+08 | C6: -1321000 | D6: -6314000 | E6: 2067000 | F6: 4767 | G6: 855.2 | H6: 5567 | I6: 17.674484 | J6: -101.97807 | K6: 397258.62 | M6: 0.00028017908 | N6: -0.008764863 | O6: -0.0008797273 | P6: 0.00081956387 | Q6: 0.00028017908 | R6: 8.9406967e-06 | AJ6: =NA() -> #N/A | AK6: =NA() -> #N/A | AL6: =NA() -> #N/A | AM6: =NA() -> #N/A | AN6: =NA() -> #N/A | AO6: =NA() -> #N/A | AP6: =NA() -> #N/A
A7: 2.0638738e+08 | C7: -1321000 | D7: -6314000 | E7: 2067000 | F7: 4767 | G7: 855.2 | H7: 5567 | I7: 17.884064 | J7: -101.81049 | K7: 397179.91 | M7: -0.00047918409 | N7: 0.0078290701 | O7: 0.00076893717 | P7: 0.00058114529 | Q7: 0.00036362559 | R7: 5.6624413e-05 | AJ7: 1 | AK7: =NA() -> #N/A | AL7: 3 | AM7: =NA() -> #N/A | AN7: =NA() -> #N/A | AO7: =NA() -> #N/A | AP7: =NA() -> #N/A
A8: 2.0638738e+08 | C8: -1319000 | D8: -6313000 | E8: 2069000 | F8: 4768 | G8: 858.9 | H8: 5565 | I8: 17.884064 | J8: -101.81049 | K8: 397179.91 | M8: 0.00027898699 | N8: -0.0084787607 | O8: -0.00085052103 | P8: 0.00086724758 | Q8: 0.00030402094 | R8: -1.4901161e-05 | AJ8: =NA() -> #N/A | AK8: =NA() -> #N/A | AL8: =NA() -> #N/A | AM8: =NA() -> #N/A | AN8: =NA() -> #N/A | AO8: =NA() -> #N/A | AP8: =NA() -> #N/A
A9: 2.0638738e+08 | C9: -1318000 | D9: -6313000 | E9: 2071000 | F9: 4769 | G9: 860.7 | H9: 5565 | I9: 17.884064 | J9: -101.81049 | K9: 397179.91 | M9: -0.000503622 | N9: 0.0081151724 | O9: 0.00080112368 | P9: 0.000628829 | Q9: 0.00038269907 | R9: 8.9406967e-06 | AJ9: =NA() -> #N/A | AK9: =NA() -> #N/A | AL9: =NA() -> #N/A | AM9: =NA() -> #N/A | AN9: =NA() -> #N/A | AO9: =NA() -> #N/A | AP9: =NA() -> #N/A
A10: 2.0638738e+08 | C10: -1317000 | D10: -6313000 | E10: 2072000 | F10: 4769 | G10: 862.5 | H10: 5564 | I10: 17.884064 | J10: -101.81049 | K10: 397179.91 | M10: 0.0002766028 | N10: -0.0081688166 | O10: -0.00081952661 | P10: 0.00086724758 | Q10: 0.00031474978 | R10: -3.8743019e-05 | AJ10: =NA() -> #N/A | AK10: =NA() -> #N/A | AL10: =NA() -> #N/A | AM10: =NA() -> #N/A | AN10: =NA() -> #N/A | AO10: =NA() -> #N/A | AP10: =NA() -> #N/A
A11: 2.0638738e+08 | C11: -1315000 | D11: -6312000 | E11: 2074000 | F11: 4770 | G11: 864.4 | H11: 5563 | I11: 17.884064 | J11: -101.81049 | K11: 397179.91 | M11: -0.00067111105 | N11: 0.0078290701 | O11: 0.00079158694 | P11: -0.002732873 | Q11: -0.0011628494 | R11: 5.6624413e-05 | AJ11: =NA() -> #N/A | AK11: =NA() -> #N/A | AL11: =NA() -> #N/A | AM11: =NA() -> #N/A | AN11: =NA() -> #N/A | AO11: =NA() -> #N/A | AP11: =NA() -> #N/A
A12: 2.0638738e+08 | C12: -1314000 | D12: -6312000 | E12: 2075000 | F12: 4770 | G12: 866.2 | H12: 5563 | I12: 17.884064 | J12: -101.81049 | K12: 397179.91 | M12: 0.00021580607 | N12: -0.0087887049 | O12: -0.00087615103 | P12: -0.0004440546 | Q12: -0.0002765283 | R12: 8.9406967e-06 | AJ12: =NA() -> #N/A | AK12: =NA() -> #N/A | AL12: =NA() -> #N/A | AM12: =NA() -> #N/A | AN12: =NA() -> #N/A | AO12: =NA() -> #N/A | AP12: =NA() -> #N/A
A13: 2.0638738e+08 | C13: -1313000 | D13: -6312000 | E13: 2076000 | F13: 4770 | G13: 868.1 | H13: 5562 | I13: 17.884064 | J13: -101.81049 | K13: 397179.91 | M13: -0.00048216432 | N13: 0.0076860189 | O13: 0.00075940043 | P13: 0.00034272671 | Q13: 0.0002432242 | R13: 5.6624413e-05 | AJ13: =NA() -> #N/A | AK13: =NA() -> #N/A | AL13: =NA() -> #N/A | AM13: =NA() -> #N/A | AN13: =NA() -> #N/A | AO13: =NA() -> #N/A | AP13: =NA() -> #N/A
A14: 2.0638738e+08 | C14: -1312000 | D14: -6312000 | E14: 2078000 | F14: 4771 | G14: 869.9 | H14: 5561 | I14: 17.884064 | J14: -101.81049 | K14: 397179.91 | M14: 0.00029925257 | N14: -0.0085264444 | O14: -0.00085826963 | P14: 0.0012487173 | Q14: 0.00048998743 | R14: -1.4901161e-05 | AJ14: =NA() -> #N/A | AK14: =NA() -> #N/A | AL14: =NA() -> #N/A | AM14: =NA() -> #N/A | AN14: =NA() -> #N/A | AO14: =NA() -> #N/A | AP14: =NA() -> #N/A
A15: 2.0638738e+08 | C15: -1311000 | D15: -6312000 | E15: 2079000 | F15: 4771 | G15: 871.8 | H15: 5561 | I15: 17.884064 | J15: -101.81049 | K15: 397179.91 | M15: -0.00062163919 | N15: 0.0075429678 | O15: 0.00076178461 | P15: -0.0023037195 | Q15: -0.00097390264 | R15: 5.6624413e-05 | AJ15: =NA() -> #N/A | AK15: =NA() -> #N/A | AL15: =NA() -> #N/A | AM15: =NA() -> #N/A | AN15: =NA() -> #N/A | AO15: =NA() -> #N/A | AP15: =NA() -> #N/A
A16: 2.0638738e+08 | C16: -1310000 | D16: -6311000 | E16: 2081000 | F16: 4772 | G16: 873.6 | H16: 5560 | I16: 17.884064 | J16: -101.81049 | K16: 397179.91 | M16: 0.00022176653 | N16: -0.0090271235 | O16: -0.00090058893 | P16: -0.00034868717 | Q16: -0.00023480505 | R16: 8.9406967e-06 | AJ16: =NA() -> #N/A | AK16: =NA() -> #N/A | AL16: =NA() -> #N/A | AM16: =NA() -> #N/A | AN16: =NA() -> #N/A | AO16: =NA() -> #N/A | AP16: =NA() -> #N/A
A17: 2.0638738e+08 | C17: -1308000 | D17: -6311000 | E17: 2082000 | F17: 4772 | G17: 875.5 | H17: 5559 | I17: 17.884064 | J17: -101.81049 | K17: 397179.91 | M17: -0.00047083944 | N17: 0.0073999166 | O17: 0.00073317438 | P17: 0.00010430813 | Q17: 0.00013235956 | R17: 5.6624413e-05 | AJ17: =NA() -> #N/A | AK17: =NA() -> #N/A | AL17: =NA() -> #N/A | AM17: =NA() -> #N/A | AN17: =NA() -> #N/A | AO17: =NA() -> #N/A | AP17: =NA() -> #N/A
A18: 2.0638738e+08 | C18: -1307000 | D18: -6311000 | E18: 2083000 | F18: 4773 | G18: 877.3 | H18: 5559 | I18: 17.884064 | J18: -101.81049 | K18: 397179.91 | M18: 0.00024560839 | N18: -0.0076442957 | O18: -0.00076588243 | P18: 0.00034272671 | Q18: 8.109957e-05 | R18: 8.9406967e-06 | AJ18: =NA() -> #N/A | AK18: =NA() -> #N/A | AL18: =NA() -> #N/A | AM18: =NA() -> #N/A | AN18: =NA() -> #N/A | AO18: =NA() -> #N/A | AP18: =NA() -> #N/A
A19: 2.0638738e+08 | C19: -1306000 | D19: -6311000 | E19: 2085000 | F19: 4773 | G19: 879.1 | H19: 5558 | I19: 17.884064 | J19: -101.81049 | K19: 397179.91 | M19: -0.00057931989 | N19: 0.0088781118 | O19: 0.00087622553 | P19: 0.00039041042 | Q19: 0.00029210001 | R19: 5.6624413e-05 | AJ19: =NA() -> #N/A | AK19: =NA() -> #N/A | AL19: =NA() -> #N/A | AM19: =NA() -> #N/A | AN19: =NA() -> #N/A | AO19: =NA() -> #N/A | AP19: =NA() -> #N/A
... A22: 2.0638738e+08 | C22: -1302000 | D22: -6310000 | E22: 2089000 | F22: 4774 | G22: 884.6 | H22: 5556 | I22: 17.884064 | J22: -101.81049 | K22: 397179.91 | M22: 0.00027183443 | N22: -0.0087171793 | O22: -0.00087317079 | P22: 0.00067651272 | Q22: 0.0002265349 | R22: -3.8743019e-05 | AJ22: =NA() -> #N/A | AK22: =NA() -> #N/A | AL22: =NA() -> #N/A | AM22: =NA() -> #N/A | AN22: =NA() -> #N/A | AO22: =NA() -> #N/A | AP22: =NA() -> #N/A
A23: 2.0638738e+08 | C23: -1302000 | D23: -6310000 | E23: 2089000 | F23: 4774 | G23: 884.6 | H23: 5556 | I23: 18.08112 | J23: -101.65249 | K23: 397113.28 | M23: -0.00048872083 | N23: 0.0078290701 | O23: 0.00077608973 | P23: 0.00043809414 | Q23: 0.00030044466 | R23: 8.9406967e-06 | AJ23: 1 | AK23: =NA() -> #N/A | AL23: 3 | AM23: =NA() -> #N/A | AN23: =NA() -> #N/A | AO23: =NA() -> #N/A | AP23: =NA() -> #N/A
A24: 2.0638738e+08 | C24: -1300000 | D24: -6310000 | E24: 2092000 | F24: 4775 | G24: 888.4 | H24: 5555 | I24: 18.08112 | J24: -101.65249 | K24: 397113.28 | M24: 0.00027064234 | N24: -0.0084787607 | O24: -0.00084932894 | P24: 0.00072419643 | Q24: 0.00024560839 | R24: -6.2584877e-05 | AJ24: =NA() -> #N/A | AK24: =NA() -> #N/A | AL24: =NA() -> #N/A | AM24: =NA() -> #N/A | AN24: =NA() -> #N/A | AO24: =NA() -> #N/A | AP24: =NA() -> #N/A
A25: 2.0638738e+08 | C25: -1299000 | D25: -6309000 | E25: 2093000 | F25: 4776 | G25: 890.2 | H25: 5554 | I25: 18.08112 | J25: -101.65249 | K25: 397113.28 | M25: -0.00050839037 | N25: 0.0080674887 | O25: 0.00080350786 | P25: 0.00043809414 | Q25: 0.00031713396 | R25: -3.8743019e-05 | AJ25: =NA() -> #N/A | AK25: =NA() -> #N/A | AL25: =NA() -> #N/A | AM25: =NA() -> #N/A | AN25: =NA() -> #N/A | AO25: =NA() -> #N/A | AP25: =NA() -> #N/A
A26: 2.0638738e+08 | C26: -1299000 | D26: -6309000 | E26: 2093000 | F26: 4776 | G26: 890.2 | H26: 5554 | I26: 18.117966 | J26: -101.62287 | K26: 397099.91 | M26: 0.00026945025 | N26: -0.0082403421 | O26: -0.00082429498 | P26: 0.00072419643 | Q26: 0.00025514513 | R26: -8.6426735e-05 | AJ26: 1 | AK26: =NA() -> #N/A | AL26: 3 | AM26: =NA() -> #N/A | AN26: =NA() -> #N/A | AO26: =NA() -> #N/A | AP26: =NA() -> #N/A
A27: 2.0638738e+08 | C27: -1299000 | D27: -6309000 | E27: 2093000 | F27: 4776 | G27: 890.2 | H27: 5554 | I27: 18.130365 | J27: -101.61292 | K27: 397093.56 | M27: -0.00053044409 | N27: 0.0083059072 | O27: 0.000830926 | P27: 0.00043809414 | Q27: 0.00032309443 | R27: -6.2584877e-05 | AJ27: 1 | AK27: =NA() -> #N/A | AL27: 3 | AM27: =NA() -> #N/A | AN27: =NA() -> #N/A | AO27: =NA() -> #N/A | AP27: =NA() -> #N/A
A28: 2.0638738e+08 | C28: -1295000 | D28: -6309000 | E28: 2097000 | F28: 4777 | G28: 895.7 | H28: 5552 | I28: 18.130365 | J28: -101.61292 | K28: 397093.56 | M28: 0.00026587397 | N28: -0.0079780817 | O28: -0.00079866499 | P28: 0.00072419643 | Q28: 0.00025395304 | R28: -0.00011026859 | AJ28: =NA() -> #N/A | AK28: =NA() -> #N/A | AL28: =NA() -> #N/A | AM28: =NA() -> #N/A | AN28: =NA() -> #N/A | AO28: =NA() -> #N/A | AP28: =NA() -> #N/A
A29: 2.0638738e+08 | C29: -1294000 | D29: -6309000 | E29: 2098000 | F29: 4778 | G29: 897.5 | H29: 5551 | I29: 18.130365 | J29: -101.61292 | K29: 397093.56 | M29: -0.00055309385 | N29: 0.0085443258 | O29: 0.00085834414 | P29: 0.00043809414 | Q29: 0.00031951815 | R29: -8.6426735e-05 | AJ29: =NA() -> #N/A | AK29: =NA() -> #N/A | AL29: =NA() -> #N/A | AM29: =NA() -> #N/A | AN29: =NA() -> #N/A | AO29: =NA() -> #N/A | AP29: =NA() -> #N/A
A30: 2.0638738e+08 | C30: -1293000 | D30: -6308000 | E30: 2100000 | F30: 4778 | G30: 899.4 | H30: 5551 | I30: 18.130365 | J30: -101.61292 | K30: 397093.56 | M30: 0.0002611056 | N30: -0.0077396631 | O30: -0.00077422708 | P30: 0.00067651272 | Q30: 0.00024203211 | R30: -0.00013411045 | AJ30: =NA() -> #N/A | AK30: =NA() -> #N/A | AL30: =NA() -> #N/A | AM30: =NA() -> #N/A | AN30: =NA() -> #N/A | AO30: =NA() -> #N/A | AP30: =NA() -> #N/A
A31: 2.0638738e+08 | C31: -1292000 | D31: -6308000 | E31: 2101000 | F31: 4779 | G31: 901.2 | H31: 5550 | I31: 18.130365 | J31: -101.61292 | K31: 397093.56 | M31: -0.00057633966 | N31: 0.0087827444 | O31: 0.00088337809 | P31: 0.00039041042 | Q31: 0.00030402094 | R31: -8.6426735e-05 | AJ31: =NA() -> #N/A | AK31: =NA() -> #N/A | AL31: =NA() -> #N/A | AM31: =NA() -> #N/A | AN31: =NA() -> #N/A | AO31: =NA() -> #N/A | AP31: =NA() -> #N/A
A32: 2.0638738e+08 | C32: -1291000 | D32: -6308000 | E32: 2103000 | F32: 4779 | G32: 903.1 | H32: 5549 | I32: 18.130365 | J32: -101.61292 | K32: 397093.56 | M32: 0.00025514513 | N32: -0.0075250864 | O32: -0.00075098127 | P32: 0.000628829 | Q32: 0.00022057444 | R32: -0.00015795231 | AJ32: =NA() -> #N/A | AK32: =NA() -> #N/A | AL32: =NA() -> #N/A | AM32: =NA() -> #N/A | AN32: =NA() -> #N/A | AO32: =NA() -> #N/A | AP32: =NA() -> #N/A
A33: 2.0638738e+08 | C33: -1289000 | D33: -6308000 | E33: 2104000 | F33: 4779 | G33: 904.9 | H33: 5549 | I33: 18.130365 | J33: -101.61292 | K33: 397093.56 | M33: -0.00059839338 | N33: 0.009021163 | O33: 0.00090602785 | P33: 0.00034272671 | Q33: 0.00027898699 | R33: -0.00011026859 | AJ33: =NA() -> #N/A | AK33: =NA() -> #N/A | AL33: =NA() -> #N/A | AM33: =NA() -> #N/A | AN33: =NA() -> #N/A | AO33: =NA() -> #N/A | AP33: =NA() -> #N/A
A34: 2.0638738e+08 | C34: -1288000 | D34: -6307000 | E34: 2105000 | F34: 4780 | G34: 906.7 | H34: 5548 | I34: 18.130365 | J34: -101.61292 | K34: 397093.56 | M34: 0.00024918467 | N34: -0.0073105097 | O34: -0.00073071569 | P34: 0.00053346157 | Q34: 0.00018958002 | R34: -0.00015795231 | AJ34: =NA() -> #N/A | AK34: =NA() -> #N/A | AL34: =NA() -> #N/A | AM34: =NA() -> #N/A | AN34: =NA() -> #N/A | AO34: =NA() -> #N/A | AP34: =NA() -> #N/A
A35: 2.0638738e+08 | C35: -1287000 | D35: -6307000 | E35: 2107000 | F35: 4780 | G35: 908.6 | H35: 5547 | I35: 18.130365 | J35: -101.61292 | K35: 397093.56 | M35: -0.00047560781 | N35: 0.0075429678 | O35: 0.00076297671 | P35: 0.00029504299 | Q35: 0.00024799258 | R35: -0.00011026859 | AJ35: =NA() -> #N/A | AK35: =NA() -> #N/A | AL35: =NA() -> #N/A | AM35: =NA() -> #N/A | AN35: =NA() -> #N/A | AO35: =NA() -> #N/A | AP35: =NA() -> #N/A
A36: 2.0638738e+08 | C36: -1286000 | D36: -6307000 | E36: 2108000 | F36: 4781 | G36: 910.4 | H36: 5546 | I36: 18.130365 | J36: -101.61292 | K36: 397093.56 | M36: 0.00026468188 | N36: -0.008764863 | O36: -0.00087615103 | P36: 0.00058114529 | Q36: 0.00020030886 | R36: -0.00018179417 | AJ36: =NA() -> #N/A | AK36: =NA() -> #N/A | AL36: =NA() -> #N/A | AM36: =NA() -> #N/A | AN36: =NA() -> #N/A | AO36: =NA() -> #N/A | AP36: =NA() -> #N/A
A37: 2.0638738e+08 | C37: -1285000 | D37: -6307000 | E37: 2109000 | F37: 4781 | G37: 912.3 | H37: 5546 | I37: 18.130365 | J37: -101.61292 | K37: 397093.56 | M37: -0.00049050897 | N37: 0.0077813864 | O37: 0.00078443438 | P37: 0.00034272671 | Q37: 0.00027302653 | R37: -0.00015795231 | AJ37: =NA() -> #N/A | AK37: =NA() -> #N/A | AL37: =NA() -> #N/A | AM37: =NA() -> #N/A | AN37: =NA() -> #N/A | AO37: =NA() -> #N/A | AP37: =NA() -> #N/A
A38: 2.0638738e+08 | C38: -1284000 | D38: -6307000 | E38: 2111000 | F38: 4782 | G38: 914.1 | H38: 5545 | I38: 18.130365 | J38: -101.61292 | K38: 397093.56 | M38: 0.00026468188 | N38: -0.0085502863 | O38: -0.00085469335 | P38: 0.000628829 | Q38: 0.00021819025 | R38: -0.00022947788 | AJ38: =NA() -> #N/A | AK38: =NA() -> #N/A | AL38: =NA() -> #N/A | AM38: =NA() -> #N/A | AN38: =NA() -> #N/A | AO38: =NA() -> #N/A | AP38: =NA() -> #N/A
A39: 2.0638738e+08 | C39: -1282000 | D39: -6306000 | E39: 2112000 | F39: 4782 | G39: 916 | H39: 5544 | I39: 18.130365 | J39: -101.61292 | K39: 397093.56 | M39: -0.0006538257 | N39: 0.0073522329 | O39: 0.00076297671 | P39: -0.0029474497 | Q39: -0.0012695417 | R39: -0.00011026859 | AJ39: =NA() -> #N/A | AK39: =NA() -> #N/A | AL39: =NA() -> #N/A | AM39: =NA() -> #N/A | AN39: =NA() -> #N/A | AO39: =NA() -> #N/A | AP39: =NA() -> #N/A
... A44: 2.0638738e+08 | C44: -1276000 | D44: -6305000 | E44: 2119000 | F44: 4784 | G44: 925.1 | H44: 5541 | I44: 18.130365 | J44: -101.61292 | K44: 397093.56 | M44: 0.00026825815 | N44: -0.0075250864 | O44: -0.0007539615 | P44: 0.00086724758 | Q44: 0.00033382326 | R44: -0.00015795231 | AJ44: =NA() -> #N/A | AK44: =NA() -> #N/A | AL44: =NA() -> #N/A | AM44: =NA() -> #N/A | AN44: =NA() -> #N/A | AO44: =NA() -> #N/A | AP44: =NA() -> #N/A
A45: 2.0638739e+08 | C45: -1275000 | D45: -6305000 | E45: 2120000 | F45: 4785 | G45: 927 | H45: 5540 | I45: 18.130365 | J45: -101.61292 | K45: 397093.56 | M45: -0.00072892755 | N45: 0.0084489584 | O45: 0.0008654967 | P45: -0.002732873 | Q45: -0.0011598691 | R45: -3.8743019e-05 | AJ45: =NA() -> #N/A | AK45: =NA() -> #N/A | AL45: =NA() -> #N/A | AM45: =NA() -> #N/A | AN45: =NA() -> #N/A | AO45: =NA() -> #N/A | AP45: 8
A46: 2.0638739e+08 | C46: -1259000 | D46: -6302000 | E46: 2140000 | F46: 4791 | G46: 952.8 | H46: 5531 | I46: 18.535755 | J46: -101.28586 | K46: 396945.28 | M46: 0.00018719584 | N46: -0.0082165003 | O46: -0.00081654638 | P46: -0.00082552433 | Q46: -0.00043686479 | R46: -6.2584877e-05 | AJ46: 1 | AK46: =NA() -> #N/A | AL46: =NA() -> #N/A | AM46: =NA() -> #N/A | AN46: =NA() -> #N/A | AO46: =NA() -> #N/A | AP46: =NA() -> #N/A
A47: 2.0638739e+08 | C47: -1256000 | D47: -6301000 | E47: 2142000 | F47: 4792 | G47: 956.4 | H47: 5529 | I47: 18.535755 | J47: -101.28586 | K47: 396945.28 | M47: -0.00054653734 | N47: 0.0081628561 | O47: 0.00082019717 | P47: -8.6426735e-05 | Q47: 6.9178641e-05 | R47: -1.4901161e-05 | AJ47: =NA() -> #N/A | AK47: =NA() -> #N/A | AL47: =NA() -> #N/A | AM47: =NA() -> #N/A | AN47: =NA() -> #N/A | AO47: =NA() -> #N/A | AP47: =NA() -> #N/A
A48: 2.0638739e+08 | C48: -1254000 | D48: -6301000 | E48: 2145000 | F48: 4793 | G48: 960.2 | H48: 5528 | I48: 18.535755 | J48: -101.28586 | K48: 396945.28 | M48: 0.00027421862 | N48: -0.008097291 | O48: -0.00081356615 | P48: 0.00081956387 | Q48: 0.00030759722 | R48: -8.6426735e-05 | AJ48: =NA() -> #N/A | AK48: =NA() -> #N/A | AL48: =NA() -> #N/A | AM48: =NA() -> #N/A | AN48: =NA() -> #N/A | AO48: =NA() -> #N/A | AP48: =NA() -> #N/A
A49: 2.0638739e+08 | C49: -1253000 | D49: -6300000 | E49: 2146000 | F49: 4793 | G49: 962 | H49: 5527 | I49: 18.535755 | J49: -101.28586 | K49: 396945.28 | M49: -0.0006782636 | N49: 0.0078767538 | O49: 0.00079993159 | P49: -0.0027567148 | Q49: -0.0011723861 | R49: 8.9406967e-06 | AJ49: =NA() -> #N/A | AK49: =NA() -> #N/A | AL49: =NA() -> #N/A | AM49: =NA() -> #N/A | AN49: =NA() -> #N/A | AO49: =NA() -> #N/A | AP49: =NA() -> #N/A
A50: 2.0638739e+08 | C50: -1250000 | D50: -6300000 | E50: 2149000 | F50: 4794 | G50: 965.7 | H50: 5526 | I50: 18.535755 | J50: -101.28586 | K50: 396945.28 | M50: 0.00019434839 | N50: -0.0088125467 | O50: -0.00087615103 | P50: -0.00080168247 | Q50: -0.00043507665 | R50: -1.4901161e-05 | AJ50: =NA() -> #N/A | AK50: =NA() -> #N/A | AL50: =NA() -> #N/A | AM50: =NA() -> #N/A | AN50: =NA() -> #N/A | AO50: =NA() -> #N/A | AP50: =NA() -> #N/A
A51: 2.0638739e+08 | C51: -1249000 | D51: -6300000 | E51: 2151000 | F51: 4794 | G51: 967.5 | H51: 5525 | I51: 18.535755 | J51: -101.28586 | K51: 396945.28 | M51: -0.00049408525 | N51: 0.0075906515 | O51: 0.00075582415 | P51: -3.8743019e-05 | Q51: 7.7523291e-05 | R51: 5.6624413e-05 | AJ51: =NA() -> #N/A | AK51: =NA() -> #N/A | AL51: =NA() -> #N/A | AM51: =NA() -> #N/A | AN51: =NA() -> #N/A | AO51: =NA() -> #N/A | AP51: =NA() -> #N/A
A52: 2.0638739e+08 | C52: -1248000 | D52: -6300000 | E52: 2152000 | F52: 4795 | G52: 969.3 | H52: 5525 | I52: 18.535755 | J52: -101.28586 | K52: 396945.28 | M52: 0.00028375536 | N52: -0.0086694956 | O52: -0.00087138265 | P52: 0.0009149313 | Q52: 0.00033143908 | R52: -3.8743019e-05 | AJ52: =NA() -> #N/A | AK52: =NA() -> #N/A | AL52: =NA() -> #N/A | AM52: =NA() -> #N/A | AN52: =NA() -> #N/A | AO52: =NA() -> #N/A | AP52: =NA() -> #N/A
A53: 2.0638739e+08 | C53: -1247000 | D53: -6299000 | E53: 2153000 | F53: 4795 | G53: 971.2 | H53: 5524 | I53: 18.535755 | J53: -101.28586 | K53: 396945.28 | M53: -0.00062521547 | N53: 0.0073045492 | O53: 0.00074032694 | P53: -0.0026375055 | Q53: -0.0011366233 | R53: 5.6624413e-05 | AJ53: =NA() -> #N/A | AK53: =NA() -> #N/A | AL53: =NA() -> #N/A | AM53: =NA() -> #N/A | AN53: =NA() -> #N/A | AO53: =NA() -> #N/A | AP53: =NA() -> #N/A
A54: 2.0638739e+08 | C54: -1246000 | D54: -6299000 | E54: 2155000 | F54: 4796 | G54: 973 | H54: 5523 | I54: 18.535755 | J54: -101.28586 | K54: 396945.28 | M54: 0.00019077212 | N54: -0.0078588724 | O54: -0.00078316778 | P54: -0.0007301569 | Q54: -0.0004022941 | R54: 5.6624413e-05 | AJ54: =NA() -> #N/A | AK54: =NA() -> #N/A | AL54: =NA() -> #N/A | AM54: =NA() -> #N/A | AN54: =NA() -> #N/A | AO54: =NA() -> #N/A | AP54: =NA() -> #N/A
A55: 2.0638739e+08 | C55: -1244000 | D55: -6299000 | E55: 2156000 | F55: 4796 | G55: 974.9 | H55: 5523 | I55: 18.535755 | J55: -101.28586 | K55: 396945.28 | M55: -0.00057216734 | N55: 0.0085443258 | O55: 0.00084523112 | P55: 8.9406967e-06 | Q55: 0.00010017306 | R55: 0.00010430813 | AJ55: =NA() -> #N/A | AK55: =NA() -> #N/A | AL55: =NA() -> #N/A | AM55: =NA() -> #N/A | AN55: =NA() -> #N/A | AO55: =NA() -> #N/A | AP55: =NA() -> #N/A
A56: 2.0638739e+08 | C56: -1243000 | D56: -6299000 | E56: 2157000 | F56: 4797 | G56: 976.7 | H56: 5522 | I56: 18.535755 | J56: -101.28586 | K56: 396945.28 | M56: 0.00027421862 | N56: -0.0077396631 | O56: -0.00077839941 | P56: 0.0009149313 | Q56: 0.0003278628 | R56: 8.9406967e-06 | AJ56: =NA() -> #N/A | AK56: =NA() -> #N/A | AL56: =NA() -> #N/A | AM56: =NA() -> #N/A | AN56: =NA() -> #N/A | AO56: =NA() -> #N/A | AP56: =NA() -> #N/A
A57: 2.0638739e+08 | C57: -1242000 | D57: -6298000 | E57: 2159000 | F57: 4797 | G57: 978.5 | H57: 5521 | I57: 18.535755 | J57: -101.28586 | K57: 396945.28 | M57: -0.00055488199 | N57: 0.0089257956 | O57: 0.00087384135 | P57: 0.00096261501 | Q57: 0.00055436045 | R57: 5.6624413e-05 | AJ57: =NA() -> #N/A | AK57: =NA() -> #N/A | AL57: =NA() -> #N/A | AM57: =NA() -> #N/A | AN57: =NA() -> #N/A | AO57: =NA() -> #N/A | AP57: =NA() -> #N/A
A58: 2.0638739e+08 | C58: -1241000 | D58: -6298000 | E58: 2160000 | F58: 4797 | G58: 980.3 | H58: 5521 | I58: 18.535755 | J58: -101.28586 | K58: 396945.28 | M58: 0.00010851771 | N58: -0.0079065561 | O58: -0.00078376383 | P58: -0.0021368265 | Q58: -0.001029931 | R58: 5.6624413e-05 | AJ58: =NA() -> #N/A | AK58: =NA() -> #N/A | AL58: =NA() -> #N/A | AM58: =NA() -> #N/A | AN58: =NA() -> #N/A | AO58: =NA() -> #N/A | AP58: =NA() -> #N/A
... A62: 2.0638739e+08 | C62: -1236000 | D62: -6297000 | E62: 2166000 | F62: 4799 | G62: 987.7 | H62: 5518 | I62: 18.535755 | J62: -101.28586 | K62: 396945.28 | M62: 0.00027183443 | N62: -0.0077396631 | O62: -0.0007795915 | P62: 0.00081956387 | Q62: 0.00029090792 | R62: 5.6624413e-05 | AJ62: =NA() -> #N/A | AK62: =NA() -> #N/A | AL62: =NA() -> #N/A | AM62: =NA() -> #N/A | AN62: =NA() -> #N/A | AO62: =NA() -> #N/A | AP62: =NA() -> #N/A
A63: 2.0638739e+08 | C63: -1235000 | D63: -6297000 | E63: 2167000 | F63: 4800 | G63: 989.5 | H63: 5517 | I63: 18.535755 | J63: -101.28586 | K63: 396945.28 | M63: -0.00056620687 | N63: 0.0088304281 | O63: 0.00086668879 | P63: 0.00053346157 | Q63: 0.0003612414 | R63: 0.00010430813 | AJ63: =NA() -> #N/A | AK63: =NA() -> #N/A | AL63: =NA() -> #N/A | AM63: =NA() -> #N/A | AN63: =NA() -> #N/A | AO63: =NA() -> #N/A | AP63: 8
A64: 2.0638739e+08 | C64: -1235000 | D64: -6297000 | E64: 2167000 | F64: 4800 | G64: 989.5 | H64: 5517 | I64: 18.781425 | J64: -101.08654 | K64: 396859.75 | M64: 0.00026587397 | N64: -0.0074774027 | O64: -0.00075157732 | P64: 0.00077188015 | Q64: 0.00027302653 | R64: 8.9406967e-06 | AJ64: 1 | AK64: =NA() -> #N/A | AL64: 3 | AM64: =NA() -> #N/A | AN64: =NA() -> #N/A | AO64: =NA() -> #N/A | AP64: =NA() -> #N/A
A65: 2.0638739e+08 | C65: -1233000 | D65: -6296000 | E65: 2170000 | F65: 4800 | G65: 993.2 | H65: 5516 | I65: 18.781425 | J65: -101.08654 | K65: 396859.75 | M65: -0.00045057386 | N65: 0.0074476004 | O65: 0.00073317438 | P65: 0.00053346157 | Q65: 0.00034336001 | R65: 5.6624413e-05 | AJ65: =NA() -> #N/A | AK65: =NA() -> #N/A | AL65: =NA() -> #N/A | AM65: =NA() -> #N/A | AN65: =NA() -> #N/A | AO65: =NA() -> #N/A | AP65: =NA() -> #N/A
A66: 2.0638739e+08 | C66: -1231000 | D66: -6296000 | E66: 2171000 | F66: 4801 | G66: 995 | H66: 5515 | I66: 18.781425 | J66: -101.08654 | K66: 396859.75 | M66: 0.00027898699 | N66: -0.0086694956 | O66: -0.00087078661 | P66: 0.00081956387 | Q66: 0.00029210001 | R66: -1.4901161e-05 | AJ66: =NA() -> #N/A | AK66: =NA() -> #N/A | AL66: =NA() -> #N/A | AM66: =NA() -> #N/A | AN66: =NA() -> #N/A | AO66: =NA() -> #N/A | AP66: =NA() -> #N/A
A67: 2.0638739e+08 | C67: -1230000 | D67: -6296000 | E67: 2172000 | F67: 4801 | G67: 996.9 | H67: 5514 | I67: 18.781425 | J67: -101.08654 | K67: 396859.75 | M67: -0.00062879175 | N67: 0.0073045492 | O67: 0.00073794276 | P67: -0.002732873 | Q67: -0.0011747703 | R67: 0.00010430813 | AJ67: =NA() -> #N/A | AK67: =NA() -> #N/A | AL67: =NA() -> #N/A | AM67: =NA() -> #N/A | AN67: =NA() -> #N/A | AO67: =NA() -> #N/A | AP67: =NA() -> #N/A
A68: 2.0638739e+08 | C68: -1229000 | D68: -6296000 | E68: 2174000 | F68: 4802 | G68: 998.7 | H68: 5514 | I68: 18.781425 | J68: -101.08654 | K68: 396859.75 | M68: 0.00020507723 | N68: -0.0078350306 | O68: -0.00078137964 | P68: -0.00049173832 | Q68: -0.00029262155 | R68: 5.6624413e-05 | AJ68: =NA() -> #N/A | AK68: =NA() -> #N/A | AL68: =NA() -> #N/A | AM68: =NA() -> #N/A | AN68: =NA() -> #N/A | AO68: =NA() -> #N/A | AP68: =NA() -> #N/A
A69: 2.063874e+08 | C69: -1228000 | D69: -6295000 | E69: 2175000 | F69: 4802 | G69: 1001 | H69: 5513 | I69: 18.781425 | J69: -101.08654 | K69: 396859.75 | M69: -0.00056561083 | N69: 0.0086396933 | O69: 0.00084999949 | P69: 0.00024735928 | Q69: 0.00021699816 | R69: 0.00010430813 | AJ69: =NA() -> #N/A | AK69: =NA() -> #N/A | AL69: =NA() -> #N/A | AM69: =NA() -> #N/A | AN69: =NA() -> #N/A | AO69: =NA() -> #N/A | AP69: =NA() -> #N/A
A70: 2.063874e+08 | C70: -1225000 | D70: -6295000 | E70: 2178000 | F70: 4803 | G70: 1004 | H70: 5511 | I70: 18.781425 | J70: -101.08654 | K70: 396859.75 | M70: 0.00028494745 | N70: -0.007596612 | O70: -0.00076707453 | P70: 0.0011533499 | Q70: 0.00043753535 | R70: 8.9406967e-06 | AJ70: =NA() -> #N/A | AK70: =NA() -> #N/A | AL70: =NA() -> #N/A | AM70: =NA() -> #N/A | AN70: =NA() -> #N/A | AO70: =NA() -> #N/A | AP70: =NA() -> #N/A
A71: 2.063874e+08 | C71: -1224000 | D71: -6295000 | E71: 2179000 | F71: 4803 | G71: 1006 | H71: 5511 | I71: 18.781425 | J71: -101.08654 | K71: 396859.75 | M71: -0.00070508569 | N71: 0.0084489584 | O71: 0.00084642321 | P71: -0.0024467707 | Q71: -0.0010376796 | R71: 0.00015199184 | AJ71: =NA() -> #N/A | AK71: =NA() -> #N/A | AL71: =NA() -> #N/A | AM71: =NA() -> #N/A | AN71: =NA() -> #N/A | AO71: =NA() -> #N/A | AP71: =NA() -> #N/A
A72: 2.063874e+08 | C72: -1223000 | D72: -6294000 | E72: 2181000 | F72: 4804 | G72: 1008 | H72: 5510 | I72: 18.781425 | J72: -101.08654 | K72: 396859.75 | M72: 0.00020626932 | N72: -0.0081926584 | O72: -0.00081714243 | P72: -0.00053942204 | Q72: -0.00032301992 | R72: 0.00010430813 | AJ72: =NA() -> #N/A | AK72: =NA() -> #N/A | AL72: =NA() -> #N/A | AM72: =NA() -> #N/A | AN72: =NA() -> #N/A | AO72: =NA() -> #N/A | AP72: =NA() -> #N/A
A73: 2.063874e+08 | C73: -1222000 | D73: -6294000 | E73: 2182000 | F73: 4804 | G73: 1010 | H73: 5509 | I73: 18.781425 | J73: -101.08654 | K73: 396859.75 | M73: -0.0005358085 | N73: 0.0082582235 | O73: 0.00081066042 | P73: 0.00019967556 | Q73: 0.00018958002 | R73: 0.00015199184 | AJ73: =NA() -> #N/A | AK73: =NA() -> #N/A | AL73: =NA() -> #N/A | AM73: =NA() -> #N/A | AN73: =NA() -> #N/A | AO73: =NA() -> #N/A | AP73: =NA() -> #N/A
A74: 2.063874e+08 | C74: -1221000 | D74: -6294000 | E74: 2183000 | F74: 4805 | G74: 1012 | H74: 5509 | I74: 18.781425 | J74: -101.08654 | K74: 396859.75 | M74: 0.00028852373 | N74: -0.0079780817 | O74: -0.00080402941 | P74: 0.0011533499 | Q74: 0.00041965395 | R74: 5.6624413e-05 | AJ74: =NA() -> #N/A | AK74: =NA() -> #N/A | AL74: =NA() -> #N/A | AM74: =NA() -> #N/A | AN74: =NA() -> #N/A | AO74: =NA() -> #N/A | AP74: =NA() -> #N/A
A75: 2.063874e+08 | C75: -1220000 | D75: -6294000 | E75: 2185000 | F75: 4805 | G75: 1013 | H75: 5508 | I75: 18.781425 | J75: -101.08654 | K75: 396859.75 | M75: -0.00067289919 | N75: 0.0080674887 | O75: 0.00080469996 | P75: -0.0024467707 | Q75: -0.0010466203 | R75: 0.00019967556 | AJ75: =NA() -> #N/A | AK75: =NA() -> #N/A | AL75: =NA() -> #N/A | AM75: =NA() -> #N/A | AN75: =NA() -> #N/A | AO75: =NA() -> #N/A | AP75: =NA() -> #N/A
A76: 2.063874e+08 | C76: -1218000 | D76: -6293000 | E76: 2186000 | F76: 4806 | G76: 1015 | H76: 5507 | I76: 18.781425 | J76: -101.08654 | K76: 396859.75 | M76: 0.0002110377 | N76: -0.0085502863 | O76: -0.00085469335 | P76: -0.00051558018 | Q76: -0.00032301992 | R76: 0.00015199184 | AJ76: =NA() -> #N/A | AK76: =NA() -> #N/A | AL76: =NA() -> #N/A | AM76: =NA() -> #N/A | AN76: =NA() -> #N/A | AO76: =NA() -> #N/A | AP76: =NA() -> #N/A
... A81: 2.063874e+08 | C81: -1212000 | D81: -6292000 | E81: 2193000 | F81: 4808 | G81: 1024 | H81: 5504 | I81: 18.781425 | J81: -101.08654 | K81: 396859.75 | M81: -0.0004857406 | N81: 0.0076860189 | O81: 0.00079277903 | P81: 0.00029504299 | Q81: 0.00027064234 | R81: -0.00046789646 | AJ81: =NA() -> #N/A | AK81: =NA() -> #N/A | AL81: =NA() -> #N/A | AM81: =NA() -> #N/A | AN81: =NA() -> #N/A | AO81: =NA() -> #N/A | AP81: =NA() -> #N/A
A82: 2.063874e+08 | C82: -1211000 | D82: -6292000 | E82: 2194000 | F82: 4808 | G82: 1026 | H82: 5503 | I82: 18.781425 | J82: -101.08654 | K82: 396859.75 | M82: 0.00029925257 | N82: -0.0085502863 | O82: -0.0008642301 | P82: 0.0012010336 | Q82: 0.00044945627 | R82: 0.00010430813 | AJ82: =NA() -> #N/A | AK82: =NA() -> #N/A | AL82: =NA() -> #N/A | AM82: =NA() -> #N/A | AN82: =NA() -> #N/A | AO82: =NA() -> #N/A | AP82: 8
A83: 2.063874e+08 | C83: -1210000 | D83: -6292000 | E83: 2196000 | F83: 4809 | G83: 1028 | H83: 5502 | I83: 18.781425 | J83: -101.08654 | K83: 396859.75 | M83: -0.00061389059 | N83: 0.0074952841 | O83: 0.00071767718 | P83: -0.0023275614 | Q83: -0.0010329112 | R83: 0.00053346157 | AJ83: =NA() -> #N/A | AK83: =NA() -> #N/A | AL83: =NA() -> #N/A | AM83: =NA() -> #N/A | AN83: =NA() -> #N/A | AO83: =NA() -> #N/A | AP83: 8
A84: 2.063874e+08 | C84: -1208000 | D84: -6291000 | E84: 2198000 | F84: 4809 | G84: 1032 | H84: 5501 | I84: 18.781425 | J84: -101.08654 | K84: 396859.75 | M84: 0.00017289072 | N84: -0.007596612 | O84: -0.00071164221 | P84: -0.00046789646 | Q84: -0.00016208738 | R84: -0.0011354685 | AJ84: =NA() -> #N/A | AK84: =NA() -> #N/A | AL84: =NA() -> #N/A | AM84: =NA() -> #N/A | AN84: =NA() -> #N/A | AO84: =NA() -> #N/A | AP84: 8
A85: 2.063874e+08 | C85: -1206000 | D85: -6291000 | E85: 2200000 | F85: 4810 | G85: 1034 | H85: 5500 | I85: 18.781425 | J85: -101.08654 | K85: 396859.75 | M85: -0.00058826059 | N85: 0.0088781118 | O85: 0.00088814646 | P85: 0.00024735928 | Q85: 0.0002432242 | R85: -8.6426735e-05 | AJ85: =NA() -> #N/A | AK85: =NA() -> #N/A | AL85: =NA() -> #N/A | AM85: =NA() -> #N/A | AN85: =NA() -> #N/A | AO85: =NA() -> #N/A | AP85: 8
A86: 2.063874e+08 | C86: -1205000 | D86: -6291000 | E86: 2201000 | F86: 4810 | G86: 1035 | H86: 5499 | I86: 18.781425 | J86: -101.08654 | K86: 396859.75 | M86: 0.00028375536 | N86: -0.0073343515 | O86: -0.00074442476 | P86: 0.0011533499 | Q86: 0.00042203814 | R86: 0.00015199184 | AJ86: =NA() -> #N/A | AK86: =NA() -> #N/A | AL86: =NA() -> #N/A | AM86: =NA() -> #N/A | AN86: =NA() -> #N/A | AO86: =NA() -> #N/A | AP86: 8
A87: 2.063874e+08 | C87: -1205000 | D87: -6291000 | E87: 2201000 | F87: 4810 | G87: 1035 | H87: 5499 | I87: 19.088264 | J87: -100.83647 | K87: 396736.88 | M87: -0.00056859106 | N87: 0.0071138144 | O87: 0.00070098788 | P87: -0.0020653009 | Q87: -0.00088628381 | R87: 0.00024735928 | AJ87: 1 | AK87: =NA() -> #N/A | AL87: 3 | AM87: =NA() -> #N/A | AN87: =NA() -> #N/A | AO87: =NA() -> #N/A | AP87: =NA() -> #N/A
A88: 2.063874e+08 | C88: -1202000 | D88: -6290000 | E88: 2205000 | F88: 4811 | G88: 1041 | H88: 5497 | I88: 19.088264 | J88: -100.83647 | K88: 396736.88 | M88: 0.00023964792 | N88: -0.009265542 | O88: -0.00092741102 | P88: -0.00011026859 | Q88: -0.00014659017 | R88: 0.00019967556 | AJ88: =NA() -> #N/A | AK88: =NA() -> #N/A | AL88: =NA() -> #N/A | AM88: =NA() -> #N/A | AN88: =NA() -> #N/A | AO88: =NA() -> #N/A | AP88: =NA() -> #N/A
A89: 2.063874e+08 | C89: -1201000 | D89: -6290000 | E89: 2206000 | F89: 4812 | G89: 1043 | H89: 5497 | I89: 19.088264 | J89: -100.83647 | K89: 396736.88 | M89: -0.0004279241 | N89: 0.0073045492 | O89: 0.00069979578 | P89: 0.00067651272 | Q89: 0.00038508326 | R89: 0.00024735928 | AJ89: =NA() -> #N/A | AK89: =NA() -> #N/A | AL89: =NA() -> #N/A | AM89: =NA() -> #N/A | AN89: =NA() -> #N/A | AO89: =NA() -> #N/A | AP89: =NA() -> #N/A
A90: 2.063874e+08 | C90: -1199000 | D90: -6289000 | E90: 2208000 | F90: 4812 | G90: 1045 | H90: 5496 | I90: 19.088264 | J90: -100.83647 | K90: 396736.88 | M90: 0.0002944842 | N90: -0.007763505 | O90: -0.0007873401 | P90: 0.001296401 | Q90: 0.0004792586 | R90: 0.00015199184 | AJ90: =NA() -> #N/A | AK90: =NA() -> #N/A | AL90: =NA() -> #N/A | AM90: =NA() -> #N/A | AN90: =NA() -> #N/A | AO90: =NA() -> #N/A | AP90: =NA() -> #N/A
A91: 2.063874e+08 | C91: -1198000 | D91: -6289000 | E91: 2209000 | F91: 4813 | G91: 1046 | H91: 5495 | I91: 19.088264 | J91: -100.83647 | K91: 396736.88 | M91: -0.00068183988 | N91: 0.0083059072 | O91: 0.00081900507 | P91: -0.0023275614 | Q91: -0.00098463148 | R91: 0.00024735928 | AJ91: =NA() -> #N/A | AK91: =NA() -> #N/A | AL91: =NA() -> #N/A | AM91: =NA() -> #N/A | AN91: =NA() -> #N/A | AO91: =NA() -> #N/A | AP91: =NA() -> #N/A
A92: 2.063874e+08 | C92: -1197000 | D92: -6289000 | E92: 2211000 | F92: 4813 | G92: 1048 | H92: 5495 | I92: 19.088264 | J92: -100.83647 | K92: 396736.88 | M92: 0.00021699816 | N92: -0.0083118677 | O92: -0.00083144754 | P92: -0.00039637089 | Q92: -0.00026818365 | R92: 0.00019967556 | AJ92: =NA() -> #N/A | AK92: =NA() -> #N/A | AL92: =NA() -> #N/A | AM92: =NA() -> #N/A | AN92: =NA() -> #N/A | AO92: =NA() -> #N/A | AP92: =NA() -> #N/A
A93: 2.063874e+08 | C93: -1196000 | D93: -6289000 | E93: 2212000 | F93: 4814 | G93: 1050 | H93: 5494 | I93: 19.088264 | J93: -100.83647 | K93: 396736.88 | M93: -0.00051792711 | N93: 0.0081628561 | O93: 0.00078801066 | P93: 0.00034272671 | Q93: 0.00024560839 | R93: 0.00024735928 | AJ93: =NA() -> #N/A | AK93: =NA() -> #N/A | AL93: =NA() -> #N/A | AM93: =NA() -> #N/A | AN93: =NA() -> #N/A | AO93: =NA() -> #N/A | AP93: =NA() -> #N/A
A94: 2.063874e+08 | C94: -1195000 | D94: -6288000 | E94: 2213000 | F94: 4814 | G94: 1052 | H94: 5493 | I94: 19.088264 | J94: -100.83647 | K94: 396736.88 | M94: 0.00029806048 | N94: -0.0080257654 | O94: -0.00081416219 | P94: 0.001296401 | Q94: 0.0004780665 | R94: 0.00019967556 | AJ94: =NA() -> #N/A | AK94: =NA() -> #N/A | AL94: =NA() -> #N/A | AM94: =NA() -> #N/A | AN94: =NA() -> #N/A | AO94: =NA() -> #N/A | AP94: =NA() -> #N/A
A95: 2.063874e+08 | C95: -1193000 | D95: -6288000 | E95: 2215000 | F95: 4814 | G95: 1054 | H95: 5492 | I95: 19.088264 | J95: -100.83647 | K95: 396736.88 | M95: -0.00051673502 | N95: 0.008687377 | O95: 0.00085834414 | P95: 0.0013440847 | Q95: 0.00074867159 | R95: -0.00013411045 | AJ95: =NA() -> #N/A | AK95: =NA() -> #N/A | AL95: =NA() -> #N/A | AM95: =NA() -> #N/A | AN95: =NA() -> #N/A | AO95: =NA() -> #N/A | AP95: =NA() -> #N/A
A96: 2.063874e+08 | C96: -1192000 | D96: -6288000 | E96: 2216000 | F96: 4815 | G96: 1056 | H96: 5492 | I96: 19.088264 | J96: -100.83647 | K96: 396736.88 | M96: 0.00013712794 | N96: -0.0080257654 | O96: -0.00079985708 | P96: -0.0017315149 | Q96: -0.00086065382 | R96: 0.00019967556 | AJ96: =NA() -> #N/A | AK96: =NA() -> #N/A | AL96: =NA() -> #N/A | AM96: =NA() -> #N/A | AN96: =NA() -> #N/A | AO96: =NA() -> #N/A | AP96: =NA() -> #N/A
A97: 2.063874e+08 | C97: -1191000 | D97: -6287000 | E97: 2217000 | F97: 4815 | G97: 1057 | H97: 5491 | I97: 19.088264 | J97: -100.83647 | K97: 396736.88 | M97: -0.00057753175 | N97: 0.0082105398 | O97: 0.00080350786 | P97: -0.00065863132 | Q97: -0.00022288412 | R97: 0.00024735928 | AJ97: =NA() -> #N/A | AK97: =NA() -> #N/A | AL97: =NA() -> #N/A | AM97: =NA() -> #N/A | AN97: =NA() -> #N/A | AO97: =NA() -> #N/A | AP97: =NA() -> #N/A
A98: 2.063874e+08 | C98: -1190000 | D98: -6287000 | E98: 2219000 | F98: 4816 | G98: 1059 | H98: 5490 | I98: 19.088264 | J98: -100.83647 | K98: 396736.88 | M98: 0.00026706606 | N98: -0.0081449747 | O98: -0.00081893057 | P98: 0.00058114529 | Q98: 0.00017169863 | R98: 0.00019967556 | AJ98: =NA() -> #N/A | AK98: =NA() -> #N/A | AL98: =NA() -> #N/A | AM98: =NA() -> #N/A | AN98: =NA() -> #N/A | AO98: =NA() -> #N/A | AP98: =NA() -> #N/A
A99: 2.063874e+08 | C99: -1189000 | D99: -6287000 | E99: 2220000 | F99: 4816 | G99: 1061 | H99: 5490 | I99: 19.088264 | J99: -100.83647 | K99: 396736.88 | M99: -0.00052507967 | N99: 0.0084489584 | O99: 0.00081304461 | P99: 0.00067651272 | Q99: 0.00039700419 | R99: 0.00024735928 | AJ99: =NA() -> #N/A | AK99: =NA() -> #N/A | AL99: =NA() -> #N/A | AM99: =NA() -> #N/A | AN99: =NA() -> #N/A | AO99: =NA() -> #N/A | AP99: =NA() -> #N/A
... A103: 2.063874e+08 | C103: -1183000 | D103: -6286000 | E103: 2227000 | F103: 4818 | G103: 1070 | H103: 5486 | I103: 19.088264 | J103: -100.83647 | K103: 396736.88 | M103: -0.00047381967 | N103: 0.0075906515 | O103: 0.00085476786 | P103: 0.00053346157 | Q103: 0.00050071627 | R103: -0.0014930964 | AJ103: =NA() -> #N/A | AK103: =NA() -> #N/A | AL103: =NA() -> #N/A | AM103: =NA() -> #N/A | AN103: =NA() -> #N/A | AO103: =NA() -> #N/A | AP103: =NA() -> #N/A
A104: 2.063874e+08 | C104: -1181000 | D104: -6285000 | E104: 2228000 | F104: 4819 | G104: 1072 | H104: 5485 | I104: 19.088264 | J104: -100.83647 | K104: 396736.88 | M104: 0.00026229769 | N104: -0.0086694956 | O104: -0.00084873289 | P104: 0.00081956387 | Q104: 0.00033501536 | R104: -0.00056326389 | AJ104: =NA() -> #N/A | AK104: =NA() -> #N/A | AL104: =NA() -> #N/A | AM104: =NA() -> #N/A | AN104: =NA() -> #N/A | AO104: =NA() -> #N/A | AP104: 8
A105: 2.0638741e+08 | C105: -1180000 | D105: -6285000 | E105: 2230000 | F105: 4819 | G105: 1074 | H105: 5485 | I105: 19.088264 | J105: -100.83647 | K105: 396736.88 | M105: -0.00048633665 | N105: 0.0079244375 | O105: 0.00077132136 | P105: 0.00058114529 | Q105: 0.00034932047 | R105: 0.00015199184 | AJ105: =NA() -> #N/A | AK105: =NA() -> #N/A | AL105: =NA() -> #N/A | AM105: =NA() -> #N/A | AN105: =NA() -> #N/A | AO105: =NA() -> #N/A | AP105: 8
A106: 2.0638741e+08 | C106: -1180000 | D106: -6285000 | E106: 2230000 | F106: 4819 | G106: 1074 | H106: 5485 | I106: 19.345636 | J106: -100.62556 | K106: 396633.31 | M106: 0.00028733164 | N106: -0.0083833933 | O106: -0.00085588545 | P106: 0.00081956387 | Q106: 0.00025633723 | R106: 0.00039041042 | AJ106: 1 | AK106: =NA() -> #N/A | AL106: 3 | AM106: =NA() -> #N/A | AN106: =NA() -> #N/A | AO106: =NA() -> #N/A | AP106: =NA() -> #N/A
A107: 2.0638741e+08 | C107: -1180000 | D107: -6285000 | E107: 2230000 | F107: 4819 | G107: 1074 | H107: 5485 | I107: 19.357944 | J107: -100.61543 | K107: 396626.47 | M107: -0.00050541013 | N107: 0.0081628561 | O107: 0.00077608973 | P107: 0.00058114529 | Q107: 0.00033859164 | R107: 0.00043809414 | AJ107: 1 | AK107: =NA() -> #N/A | AL107: 3 | AM107: =NA() -> #N/A | AN107: =NA() -> #N/A | AO107: =NA() -> #N/A | AP107: =NA() -> #N/A
A108: 2.0638741e+08 | C108: -1177000 | D108: -6284000 | E108: 2234000 | F108: 4820 | G108: 1079 | H108: 5482 | I108: 19.357944 | J108: -100.61543 | K108: 396626.47 | M108: 0.00028494745 | N108: -0.0081211329 | O108: -0.00082906336 | P108: 0.00086724758 | Q108: 0.00027421862 | R108: 0.00034272671 | AJ108: =NA() -> #N/A | AK108: =NA() -> #N/A | AL108: =NA() -> #N/A | AM108: =NA() -> #N/A | AN108: =NA() -> #N/A | AO108: =NA() -> #N/A | AP108: =NA() -> #N/A
A109: 2.0638741e+08 | C109: -1176000 | D109: -6284000 | E109: 2235000 | F109: 4821 | G109: 1081 | H109: 5482 | I109: 19.357944 | J109: -100.61543 | K109: 396626.47 | M109: -0.00052865595 | N109: 0.0084489584 | O109: 0.00080589205 | P109: 0.000628829 | Q109: 0.00035170466 | R109: 0.00039041042 | AJ109: =NA() -> #N/A | AK109: =NA() -> #N/A | AL109: =NA() -> #N/A | AM109: =NA() -> #N/A | AN109: =NA() -> #N/A | AO109: =NA() -> #N/A | AP109: =NA() -> #N/A
A110: 2.0638741e+08 | C110: -1174000 | D110: -6284000 | E110: 2236000 | F110: 4821 | G110: 1083 | H110: 5481 | I110: 19.357944 | J110: -100.61543 | K110: 396626.47 | M110: 0.00028137118 | N110: -0.0078588724 | O110: -0.00080164522 | P110: 0.00086724758 | Q110: 0.00027898699 | R110: 0.00034272671 | AJ110: =NA() -> #N/A | AK110: =NA() -> #N/A | AL110: =NA() -> #N/A | AM110: =NA() -> #N/A | AN110: =NA() -> #N/A | AO110: =NA() -> #N/A | AP110: =NA() -> #N/A
A111: 2.0638741e+08 | C111: -1173000 | D111: -6283000 | E111: 2238000 | F111: 4822 | G111: 1085 | H111: 5480 | I111: 19.357944 | J111: -100.61543 | K111: 396626.47 | M111: -0.00069376081 | N111: 0.0081151724 | O111: 0.00079277903 | P111: -0.002732873 | Q111: -0.0011950359 | R111: 0.00043809414 | AJ111: =NA() -> #N/A | AK111: =NA() -> #N/A | AL111: =NA() -> #N/A | AM111: =NA() -> #N/A | AN111: =NA() -> #N/A | AO111: =NA() -> #N/A | AP111: =NA() -> #N/A
A112: 2.0638741e+08 | C112: -1172000 | D112: -6283000 | E112: 2239000 | F112: 4822 | G112: 1087 | H112: 5480 | I112: 19.357944 | J112: -100.61543 | K112: 396626.47 | M112: 0.00022176653 | N112: -0.0085264444 | O112: -0.00086124986 | P112: -0.0004440546 | Q112: -0.00031467527 | R112: 0.00039041042 | AJ112: =NA() -> #N/A | AK112: =NA() -> #N/A | AL112: =NA() -> #N/A | AM112: =NA() -> #N/A | AN112: =NA() -> #N/A | AO112: =NA() -> #N/A | AP112: =NA() -> #N/A
A113: 2.0638741e+08 | C113: -1171000 | D113: -6283000 | E113: 2240000 | F113: 4822 | G113: 1089 | H113: 5479 | I113: 19.357944 | J113: -100.61543 | K113: 396626.47 | M113: -0.00050123781 | N113: 0.0079721212 | O113: 0.00075582415 | P113: 0.00034272671 | Q113: 0.00020388514 | R113: 0.00043809414 | AJ113: =NA() -> #N/A | AK113: =NA() -> #N/A | AL113: =NA() -> #N/A | AM113: =NA() -> #N/A | AN113: =NA() -> #N/A | AO113: =NA() -> #N/A | AP113: =NA() -> #N/A
A114: 2.0638741e+08 | C114: -1170000 | D114: -6283000 | E114: 2242000 | F114: 4823 | G114: 1090 | H114: 5478 | I114: 19.357944 | J114: -100.61543 | K114: 396626.47 | M114: 0.00030521303 | N114: -0.0082880259 | O114: -0.00084694475 | P114: 0.0012487173 | Q114: 0.00044707209 | R114: 0.00034272671 | AJ114: =NA() -> #N/A | AK114: =NA() -> #N/A | AL114: =NA() -> #N/A | AM114: =NA() -> #N/A | AN114: =NA() -> #N/A | AO114: =NA() -> #N/A | AP114: =NA() -> #N/A
A115: 2.0638741e+08 | C115: -1168000 | D115: -6282000 | E115: 2243000 | F115: 4823 | G115: 1092 | H115: 5477 | I115: 19.357944 | J115: -100.61543 | K115: 396626.47 | M115: -0.00067230314 | N115: 0.0078767538 | O115: 0.0010002032 | P115: -0.0023752451 | Q115: -0.00072237104 | R115: -0.0028759241 | AJ115: =NA() -> #N/A | AK115: =NA() -> #N/A | AL115: =NA() -> #N/A | AM115: =NA() -> #N/A | AN115: =NA() -> #N/A | AO115: =NA() -> #N/A | AP115: =NA() -> #N/A
A116: 2.0638741e+08 | C116: -1167000 | D116: -6282000 | E116: 2244000 | F116: 4824 | G116: 1094 | H116: 5477 | I116: 19.357944 | J116: -100.61543 | K116: 396626.47 | M116: 0.00017885119 | N116: -0.0086456537 | O116: -0.00081833452 | P116: -0.00046789646 | Q116: -0.00016804785 | R116: -0.0012546778 | AJ116: =NA() -> #N/A | AK116: =NA() -> #N/A | AL116: =NA() -> #N/A | AM116: =NA() -> #N/A | AN116: =NA() -> #N/A | AO116: =NA() -> #N/A | AP116: =NA() -> #N/A
...

Sheet novatel_oem615_other
A1: CCSDS_STREAMID | B1: CCSDS_SEQUENCE | C1: CCSDS_LENGTH | D1: CCSDS_SECONDS | E1: CCSDS_SUBSECS | F1: CCSDS_SPARE | G1: GPS_WEEKS | H1: GPS_SECONDS | I1: GPS_FRAC_SECS | J1: ECEF_X | K1: ECEF_Y | L1: ECEF_Z | M1: VEL_X | N1: VEL_Y | O1: VEL_Z | P1: LAT | Q1: LON | R1: ALT
A2: 2161 | B2: 49333 | C2: 83 | D2: 61 | E2: 39976 | F2: 0 | G2: 341 | H2: 150279 | I2: 0.984 | J2: -2616000 | K2: -6243000 | L2: 354700 | M2: 4029 | N2: -1342 | O2: 6029 | P2: 2.6376984 | Q2: -113.00284 | R2: 400004.56
A3: 2161 | B3: 49334 | C3: 83 | D3: 61 | E3: 56360 | F3: 0 | G3: 341 | H3: 150280 | I3: 0.234 | J3: -2615000 | K3: -6243000 | L3: 356200 | M3: 4030 | N3: -1340 | O3: 6029 | P3: 2.6376984 | Q3: -113.00284 | R3: 400004.56
A4: 2161 | B4: 49335 | C4: 83 | D4: 62 | E4: 7208 | F4: 0 | G4: 341 | H4: 150280 | I4: 0.484 | J4: -2614000 | K4: -6243000 | L4: 357700 | M4: 4030 | N4: -1338 | O4: 6029 | P4: 2.6376984 | Q4: -113.00284 | R4: 400004.56
A5: 2161 | B5: 49336 | C5: 83 | D5: 62 | E5: 23592 | F5: 0 | G5: 341 | H5: 150280 | I5: 0.484 | J5: -2614000 | K5: -6243000 | L5: 357700 | M5: 4030 | N5: -1338 | O5: 6029 | P5: 3.0573797 | Q5: -112.71042 | R5: 399992.47
A6: 2161 | B6: 49337 | C6: 83 | D6: 62 | E6: 56360 | F6: 0 | G6: 341 | H6: 150281 | I6: 0.234 | J6: -2611000 | K6: -6244000 | L6: 362200 | M6: 4033 | N6: -1333 | O6: 6029 | P6: 3.0573797 | Q6: -112.71042 | R6: 399992.47
A7: 2161 | B7: 49338 | C7: 83 | D7: 63 | E7: 7208 | F7: 0 | G7: 341 | H7: 150281 | I7: 0.484 | J7: -2610000 | K7: -6245000 | L7: 363700 | M7: 4034 | N7: -1331 | O7: 6029 | P7: 3.0573797 | Q7: -112.71042 | R7: 399992.47
A8: 2161 | B8: 49339 | C8: 83 | D8: 63 | E8: 23592 | F8: 0 | G8: 341 | H8: 150281 | I8: 0.734 | J8: -2609000 | K8: -6245000 | L8: 365200 | M8: 4034 | N8: -1329 | O8: 6028 | P8: 3.0573797 | Q8: -112.71042 | R8: 399992.47
A9: 2161 | B9: 49340 | C9: 83 | D9: 63 | E9: 39976 | F9: 0 | G9: 341 | H9: 150281 | I9: 0.984 | J9: -2608000 | K9: -6245000 | L9: 366700 | M9: 4035 | N9: -1327 | O9: 6028 | P9: 3.0573797 | Q9: -112.71042 | R9: 399992.47
A10: 2161 | B10: 49341 | C10: 83 | D10: 63 | E10: 56360 | F10: 0 | G10: 341 | H10: 150282 | I10: 0.234 | J10: -2607000 | K10: -6246000 | L10: 368200 | M10: 4036 | N10: -1325 | O10: 6028 | P10: 3.0573797 | Q10: -112.71042 | R10: 399992.47
A11: 2161 | B11: 49342 | C11: 83 | D11: 64 | E11: 7208 | F11: 0 | G11: 341 | H11: 150282 | I11: 0.484 | J11: -2606000 | K11: -6246000 | L11: 369700 | M11: 4037 | N11: -1323 | O11: 6028 | P11: 3.0573797 | Q11: -112.71042 | R11: 399992.47
A12: 2161 | B12: 49343 | C12: 83 | D12: 64 | E12: 23592 | F12: 0 | G12: 341 | H12: 150282 | I12: 0.734 | J12: -2605000 | K12: -6246000 | L12: 371200 | M12: 4037 | N12: -1322 | O12: 6028 | P12: 3.0573797 | Q12: -112.71042 | R12: 399992.47
A13: 2161 | B13: 49344 | C13: 83 | D13: 64 | E13: 39976 | F13: 0 | G13: 341 | H13: 150282 | I13: 0.984 | J13: -2604000 | K13: -6247000 | L13: 372600 | M13: 4038 | N13: -1320 | O13: 6028 | P13: 3.0573797 | Q13: -112.71042 | R13: 399992.47
... A499: 2161 | B499: 49852 | C499: 83 | D499: 197 | E499: 19660 | F499: 0 | G499: 341 | H499: 150415 | I499: 0.734 | J499: -2048000 | K499: -6355000 | L499: 1158000 | M499: 4417 | N499: -332.9 | O499: 5898 | P499: 9.6835527 | Q499: -108.02025 | R499: 399322
A500: 2161 | B500: 49853 | C500: 83 | D500: 197 | E500: 36700 | F500: 0 | G500: =NA() -> #N/A | H500: =NA() -> #N/A | I500: =NA() -> #N/A | J500: =NA() -> #N/A | K500: =NA() -> #N/A | L500: =NA() -> #N/A | M500: =NA() -> #N/A | N500: =NA() -> #N/A | ... R500: =NA() -> #N/A
A501: 2161 | B501: 49854 | C501: 83 | D501: 197 | E501: 53084 | F501: 0 | G501: =NA() -> #N/A | H501: =NA() -> #N/A | I501: =NA() -> #N/A | J501: =NA() -> #N/A | K501: =NA() -> #N/A | L501: =NA() -> #N/A | M501: =NA() -> #N/A | N501: =NA() -> #N/A | ... R501: =NA() -> #N/A
A502: 2161 | B502: 49855 | C502: 83 | D502: 198 | E502: 3932 | F502: 0 | G502: =NA() -> #N/A | H502: =NA() -> #N/A | I502: =NA() -> #N/A | J502: =NA() -> #N/A | K502: =NA() -> #N/A | L502: =NA() -> #N/A | M502: =NA() -> #N/A | N502: =NA() -> #N/A | ... R502: =NA() -> #N/A
A503: 2161 | B503: 49856 | C503: 83 | D503: 198 | E503: 20316 | F503: 0 | G503: =NA() -> #N/A | H503: =NA() -> #N/A | I503: =NA() -> #N/A | J503: =NA() -> #N/A | K503: =NA() -> #N/A | L503: =NA() -> #N/A | M503: =NA() -> #N/A | N503: =NA() -> #N/A | ... R503: =NA() -> #N/A
A504: 2161 | B504: 49857 | C504: 83 | D504: 198 | E504: 36700 | F504: 0 | G504: =NA() -> #N/A | H504: =NA() -> #N/A | I504: =NA() -> #N/A | J504: =NA() -> #N/A | K504: =NA() -> #N/A | L504: =NA() -> #N/A | M504: =NA() -> #N/A | N504: =NA() -> #N/A | ... R504: =NA() -> #N/A
A505: 2161 | B505: 49858 | C505: 83 | D505: 198 | E505: 53084 | F505: 0 | G505: =NA() -> #N/A | H505: =NA() -> #N/A | I505: =NA() -> #N/A | J505: =NA() -> #N/A | K505: =NA() -> #N/A | L505: =NA() -> #N/A | M505: =NA() -> #N/A | N505: =NA() -> #N/A | ... R505: =NA() -> #N/A
A506: 2161 | B506: 49859 | C506: 83 | D506: 199 | E506: 3932 | F506: 0 | G506: =NA() -> #N/A | H506: =NA() -> #N/A | I506: =NA() -> #N/A | J506: =NA() -> #N/A | K506: =NA() -> #N/A | L506: =NA() -> #N/A | M506: =NA() -> #N/A | N506: =NA() -> #N/A | ... R506: =NA() -> #N/A
A507: 2161 | B507: 49860 | C507: 83 | D507: 199 | E507: 20316 | F507: 0 | G507: =NA() -> #N/A | H507: =NA() -> #N/A | I507: =NA() -> #N/A | J507: =NA() -> #N/A | K507: =NA() -> #N/A | L507: =NA() -> #N/A | M507: =NA() -> #N/A | N507: =NA() -> #N/A | ... R507: =NA() -> #N/A
A508: 2161 | B508: 49861 | C508: 83 | D508: 199 | E508: 36700 | F508: 0 | G508: =NA() -> #N/A | H508: =NA() -> #N/A | I508: =NA() -> #N/A | J508: =NA() -> #N/A | K508: =NA() -> #N/A | L508: =NA() -> #N/A | M508: =NA() -> #N/A | N508: =NA() -> #N/A | ... R508: =NA() -> #N/A
A509: 2161 | B509: 49862 | C509: 83 | D509: 199 | E509: 53084 | F509: 0 | G509: =NA() -> #N/A | H509: =NA() -> #N/A | I509: =NA() -> #N/A | J509: =NA() -> #N/A | K509: =NA() -> #N/A | L509: =NA() -> #N/A | M509: =NA() -> #N/A | N509: =NA() -> #N/A | ... R509: =NA() -> #N/A
A510: 2161 | B510: 49863 | C510: 83 | D510: 200 | E510: 3932 | F510: 0 | G510: =NA() -> #N/A | H510: =NA() -> #N/A | I510: =NA() -> #N/A | J510: =NA() -> #N/A | K510: =NA() -> #N/A | L510: =NA() -> #N/A | M510: =NA() -> #N/A | N510: =NA() -> #N/A | ... R510: =NA() -> #N/A
A511: 2161 | B511: 49864 | C511: 83 | D511: 200 | E511: 20316 | F511: 0 | G511: =NA() -> #N/A | H511: =NA() -> #N/A | I511: =NA() -> #N/A | J511: =NA() -> #N/A | K511: =NA() -> #N/A | L511: =NA() -> #N/A | M511: =NA() -> #N/A | N511: =NA() -> #N/A | ... R511: =NA() -> #N/A
... A600: 2161 | B600: 49953 | C600: 83 | D600: 223 | E600: 57016 | F600: 0 | G600: =NA() -> #N/A | H600: =NA() -> #N/A | I600: =NA() -> #N/A | J600: =NA() -> #N/A | K600: =NA() -> #N/A | L600: =NA() -> #N/A | M600: =NA() -> #N/A | N600: =NA() -> #N/A | ... R600: =NA() -> #N/A
A601: 2161 | B601: 49954 | C601: 83 | D601: 224 | E601: 7864 | F601: 0 | G601: 341 | H601: 150442 | I601: 0.484 | J601: -1931000 | K601: -6361000 | L601: 1313000 | M601: 4484 | N601: -133.2 | O601: 5855 | P601: 11.194542 | Q601: -106.91989 | R601: 399049.78
A602: 2161 | B602: 49955 | C602: 83 | D602: 224 | E602: 24248 | F602: 0 | G602: 341 | H602: 150442 | I602: 0.734 | J602: -1930000 | K602: -6361000 | L602: 1315000 | M602: 4484 | N602: -131.4 | O602: 5855 | P602: 11.194542 | Q602: -106.91989 | R602: 399049.78
A603: 2161 | B603: 49956 | C603: 83 | D603: 224 | E603: 40632 | F603: 0 | G603: 341 | H603: 150442 | I603: 0.984 | J603: -1928000 | K603: -6361000 | L603: 1316000 | M603: 4485 | N603: -129.5 | O603: 5854 | P603: 11.194542 | Q603: -106.91989 | R603: 399049.78
A604: 2161 | B604: 49957 | C604: 83 | D604: 224 | E604: 57016 | F604: 0 | G604: 341 | H604: 150443 | I604: 0.234 | J604: -1927000 | K604: -6361000 | L604: 1318000 | M604: 4486 | N604: -127.6 | O604: 5854 | P604: 11.194542 | Q604: -106.91989 | R604: 399049.78
A605: 2161 | B605: 49958 | C605: 83 | D605: 225 | E605: 7864 | F605: 0 | G605: 341 | H605: 150443 | I605: 0.484 | J605: -1926000 | K605: -6361000 | L605: 1319000 | M605: 4486 | N605: -125.8 | O605: 5854 | P605: 11.194542 | Q605: -106.91989 | R605: 399049.78
A606: 2161 | B606: 49959 | C606: 83 | D606: 225 | E606: 24248 | F606: 0 | G606: 341 | H606: 150443 | I606: 0.734 | J606: -1925000 | K606: -6362000 | L606: 1321000 | M606: 4487 | N606: -123.9 | O606: 5853 | P606: 11.194542 | Q606: -106.91989 | R606: 399049.78
A607: 2161 | B607: 49960 | C607: 83 | D607: 225 | E607: 40632 | F607: 0 | G607: 341 | H607: 150443 | I607: 0.984 | J607: -1924000 | K607: -6362000 | L607: 1322000 | M607: 4487 | N607: -122 | O607: 5853 | P607: 11.194542 | Q607: -106.91989 | R607: 399049.78
A608: 2161 | B608: 49961 | C608: 83 | D608: 225 | E608: 57016 | F608: 0 | G608: 341 | H608: 150444 | I608: 0.234 | J608: -1923000 | K608: -6362000 | L608: 1324000 | M608: 4488 | N608: -120.2 | O608: 5852 | P608: 11.194542 | Q608: -106.91989 | R608: 399049.78
A609: 2161 | B609: 49962 | C609: 83 | D609: 226 | E609: 7864 | F609: 0 | G609: 341 | H609: 150444 | I609: 0.484 | J609: -1922000 | K609: -6362000 | L609: 1325000 | M609: 4489 | N609: -118.3 | O609: 5852 | P609: 11.194542 | Q609: -106.91989 | R609: 399049.78
A610: 2161 | B610: 49963 | C610: 83 | D610: 226 | E610: 24248 | F610: 0 | G610: 341 | H610: 150444 | I610: 0.734 | J610: -1921000 | K610: -6362000 | L610: 1326000 | M610: 4489 | N610: -116.4 | O610: 5851 | P610: 11.194542 | Q610: -106.91989 | R610: 399049.78
A611: 2161 | B611: 49964 | C611: 83 | D611: 226 | E611: 40632 | F611: 0 | G611: 341 | H611: 150444 | I611: 0.984 | J611: -1920000 | K611: -6362000 | L611: 1328000 | M611: 4490 | N611: -114.5 | O611: 5851 | P611: 11.194542 | Q611: -106.91989 | R611: 399049.78
A612: 2161 | B612: 49965 | C612: 83 | D612: 226 | E612: 57671 | F612: 0 | G612: 341 | H612: 150445 | I612: 0.234 | J612: -1918000 | K612: -6362000 | L612: 1329000 | M612: 4490 | N612: -112.7 | O612: 5851 | P612: 11.194542 | Q612: -106.91989 | R612: 399049.78
... A849: 2161 | B849: 50202 | C849: 83 | D849: 288 | E849: 63569 | F849: 0 | G849: 341 | H849: 150507 | I849: 0.484 | J849: -1638000 | K849: -6354000 | L849: 1686000 | M849: 4633 | N849: 351.3 | O849: 5730 | P849: 14.400352 | Q849: -104.52711 | R849: 398281.03

Sheet generic_imu_other
A1: CCSDS_STREAMID | B1: CCSDS_SEQUENCE | C1: CCSDS_LENGTH | D1: CCSDS_SECONDS | E1: CCSDS_SUBSECS | F1: CCSDS_SPARE | G1: X_LINEAR_ACCELERATION | H1: X_ANGULAR_RATE | I1: Y_LINEAR_ACCELERATION | J1: Y_ANGULAR_RATE | K1: Z_LINEAR_ACCELERATION | L1: Z_ANGULAR_RATE
A2: 2342 | B2: 49203 | C2: 33 | D2: 62 | E2: 1310 | F2: 0 | G2: -0.0014966354 | H2: 0.0043004751 | I2: 0.0014317408 | J2: 0.003489852 | K2: -0.0039344653 | L2: -0.030532479
A3: 2342 | B3: 49204 | C3: 33 | D3: 63 | E3: 1310 | F3: 0 | G3: -0.0013470277 | H3: -0.0059992075 | I3: -0.00011082739 | J3: 0.0038713217 | K3: -0.0031888112 | L3: -0.029245019
A4: 2342 | B4: 49205 | C4: 33 | D4: 64 | E4: 1310 | F4: 0 | G4: -0.0013666973 | H4: 0.0039190054 | I4: 0.0014186278 | J4: 0.0029653311 | K4: -0.0033157691 | L4: -0.028386712
A5: 2342 | B5: 49206 | C5: 33 | D5: 65 | E5: 1310 | F5: 0 | G5: -0.0012701377 | H5: -0.0061184168 | I5: -7.8640878e-05 | J5: 0.0037282705 | K5: -0.0026529655 | L5: -0.028434396
A6: 2342 | B6: 49207 | C6: 33 | D6: 66 | E6: 1310 | F6: 0 | G6: -0.0013297424 | H6: 0.0059217215 | I6: 0.001716651 | J6: 0.0037759542 | K6: -0.0022941455 | L6: -0.027266145
A7: 2342 | B7: 49208 | C7: 33 | D7: 67 | E7: 1310 | F7: 0 | G7: -0.0011467561 | H7: -0.0073105097 | I7: -0.00020142645 | J7: 0.0032514334 | K7: -0.0021105632 | L7: -0.026288629
A8: 2342 | B8: 49209 | C8: 33 | D8: 68 | E8: 1310 | F8: 0 | G8: -0.0013196096 | H8: 0.0063508749 | I8: 0.0018227473 | J8: 0.0023454428 | K8: -0.0024294481 | L8: -0.02643168
A9: 2342 | B9: 49210 | C9: 33 | D9: 69 | E9: 1310 | F9: 0 | G9: -0.0010889396 | H9: -0.0091224909 | I9: -0.00043209642 | J9: 0.0032514334 | K9: -0.0015675649 | L9: -0.025120378
A10: 2342 | B10: 49211 | C10: 33 | D10: 70 | E10: 1310 | F10: 0 | G10: -0.0011866912 | H10: 0.0066369772 | I10: 0.0018179789 | J10: 0.0033468008 | K10: -0.0013106689 | L10: -0.024262071
A11: 2342 | B11: 49212 | C11: 33 | D11: 71 | E11: 1310 | F11: 0 | G11: -0.00098463148 | H11: -0.0076681376 | I11: -0.00020321459 | J11: 0.0029176474 | K11: -0.001286231 | L11: -0.024309754
A12: 2342 | B12: 49213 | C12: 33 | D12: 72 | E12: 1310 | F12: 0 | G12: -0.0012266263 | H12: 0.0080674887 | I12: 0.0020301715 | J12: 0.0020116568 | K12: -0.0014692172 | L12: -0.02309382
A13: 2342 | B13: 49214 | C13: 33 | D13: 73 | E13: 1310 | F13: 0 | G13: -0.00085648149 | H13: -0.0087887049 | I13: -0.00034388155 | J13: 0.0029653311 | K13: -0.00071879476 | L13: -0.022116303
... A227: 2342 | B227: 49429 | C227: 33 | D227: 288 | E227: 1310 | F227: 0 | G227: -0.00056322664 | H227: 0.0084966421 | I227: 0.00081662089 | J227: 5.6624413e-05 | K227: 9.778887e-05 | L227: 0.00039041042

Sheet All errors
A1: Novatel timestamp | C1: ECEF_X | D1: ECEF_Y | E1: ECEF_Z | F1: VEL_X | G1: VEL_Y | H1: VEL_Z | I1: LAT | J1: LON | K1: ALT | M1: X_LINEAR_ACCELERATION | N1: X_ANGULAR_RATE | O1: Y_LINEAR_ACCELERATION | P1: Y_ANGULAR_RATE | Q1: Z_LINEAR_ACCELERATION | R1: Z_ANGULAR_RATE | AJ1: time_jump | AK1: pos_jump | AL1: velocity_mismatch | AM1: imu_mismatch | AN1: stale_gnss | AO1: heading_mismatch | AP1: frozen_position
A2: {=novatel_oem615_other!G2:G849*604800+novatel_oem615_other!H2:H849+novatel_oem615_other!I2:I849} -> 2.0638708e+08 | C2: {=novatel_oem615_other!J2:J849} -> -2616000 | D2: {=novatel_oem615_other!K2:K849} -> -6243000 | E2: {=novatel_oem615_other!L2:L849} -> 354700 | F2: {=novatel_oem615_other!M2:M849} -> 4029 | G2: {=novatel_oem615_other!N2:N849} -> -1342 | H2: {=novatel_oem615_other!O2:O849} -> 6029 | I2: {=novatel_oem615_other!P2:P849} -> 2.6376984 | J2: {=novatel_oem615_other!Q2:Q849} -> -113.00284 | K2: {=novatel_oem615_other!R2:R849} -> 400004.56 | M2: {=generic_imu_other!G2:G227} -> -0.0014966354 | N2: {=generic_imu_other!H2:H227} -> 0.0043004751 | O2: {=generic_imu_other!I2:I227} -> 0.0014317408 | P2: {=generic_imu_other!J2:J227} -> 0.003489852 | Q2: {=generic_imu_other!K2:K227} -> -0.0039344653 | R2: {=generic_imu_other!L2:L227} -> -0.030532479 | AJ2: 1 | AK2: =NA() -> #N/A | AL2: 3 | AM2: =NA() -> #N/A | AN2: 5 | AO2: =NA() -> #N/A | AP2: =NA() -> #N/A
A3: 2.0638708e+08 | C3: -2615000 | D3: -6243000 | E3: 356200 | F3: 4030 | G3: -1340 | H3: 6029 | I3: 2.6376984 | J3: -113.00284 | K3: 400004.56 | M3: -0.0013470277 | N3: -0.0059992075 | O3: -0.00011082739 | P3: 0.0038713217 | Q3: -0.0031888112 | R3: -0.029245019 | AJ3: =NA() -> #N/A | AK3: =NA() -> #N/A | AL3: =NA() -> #N/A | AM3: =NA() -> #N/A | AN3: =NA() -> #N/A | AO3: =NA() -> #N/A | AP3: =NA() -> #N/A
A4: 2.0638708e+08 | C4: -2614000 | D4: -6243000 | E4: 357700 | F4: 4030 | G4: -1338 | H4: 6029 | I4: 2.6376984 | J4: -113.00284 | K4: 400004.56 | M4: -0.0013666973 | N4: 0.0039190054 | O4: 0.0014186278 | P4: 0.0029653311 | Q4: -0.0033157691 | R4: -0.028386712 | AJ4: =NA() -> #N/A | AK4: =NA() -> #N/A | AL4: =NA() -> #N/A | AM4: =NA() -> #N/A | AN4: =NA() -> #N/A | AO4: =NA() -> #N/A | AP4: =NA() -> #N/A
A5: 2.0638708e+08 | C5: -2614000 | D5: -6243000 | E5: 357700 | F5: 4030 | G5: -1338 | H5: 6029 | I5: 3.0573797 | J5: -112.71042 | K5: 399992.47 | M5: -0.0012701377 | N5: -0.0061184168 | O5: -7.8640878e-05 | P5: 0.0037282705 | Q5: -0.0026529655 | R5: -0.028434396 | AJ5: 1 | AK5: =NA() -> #N/A | AL5: 3 | AM5: =NA() -> #N/A | AN5: =NA() -> #N/A | AO5: =NA() -> #N/A | AP5: =NA() -> #N/A
A6: 2.0638708e+08 | C6: -2611000 | D6: -6244000 | E6: 362200 | F6: 4033 | G6: -1333 | H6: 6029 | I6: 3.0573797 | J6: -112.71042 | K6: 399992.47 | M6: -0.0013297424 | N6: 0.0059217215 | O6: 0.001716651 | P6: 0.0037759542 | Q6: -0.0022941455 | R6: -0.027266145 | AJ6: =NA() -> #N/A | AK6: =NA() -> #N/A | AL6: =NA() -> #N/A | AM6: =NA() -> #N/A | AN6: =NA() -> #N/A | AO6: =NA() -> #N/A | AP6: =NA() -> #N/A
A7: 2.0638708e+08 | C7: -2610000 | D7: -6245000 | E7: 363700 | F7: 4034 | G7: -1331 | H7: 6029 | I7: 3.0573797 | J7: -112.71042 | K7: 399992.47 | M7: -0.0011467561 | N7: -0.0073105097 | O7: -0.00020142645 | P7: 0.0032514334 | Q7: -0.0021105632 | R7: -0.026288629 | AJ7: =NA() -> #N/A | AK7: =NA() -> #N/A | AL7: =NA() -> #N/A | AM7: =NA() -> #N/A | AN7: =NA() -> #N/A | AO7: =NA() -> #N/A | AP7: =NA() -> #N/A
A8: 2.0638708e+08 | C8: -2609000 | D8: -6245000 | E8: 365200 | F8: 4034 | G8: -1329 | H8: 6028 | I8: 3.0573797 | J8: -112.71042 | K8: 399992.47 | M8: -0.0013196096 | N8: 0.0063508749 | O8: 0.0018227473 | P8: 0.0023454428 | Q8: -0.0024294481 | R8: -0.02643168 | AJ8: =NA() -> #N/A | AK8: =NA() -> #N/A | AL8: =NA() -> #N/A | AM8: =NA() -> #N/A | AN8: =NA() -> #N/A | AO8: =NA() -> #N/A | AP8: =NA() -> #N/A
A9: 2.0638708e+08 | C9: -2608000 | D9: -6245000 | E9: 366700 | F9: 4035 | G9: -1327 | H9: 6028 | I9: 3.0573797 | J9: -112.71042 | K9: 399992.47 | M9: -0.0010889396 | N9: -0.0091224909 | O9: -0.00043209642 | P9: 0.0032514334 | Q9: -0.0015675649 | R9: -0.025120378 | AJ9: =NA() -> #N/A | AK9: =NA() -> #N/A | AL9: =NA() -> #N/A | AM9: =NA() -> #N/A | AN9: =NA() -> #N/A | AO9: =NA() -> #N/A | AP9: =NA() -> #N/A
A10: 2.0638708e+08 | C10: -2607000 | D10: -6246000 | E10: 368200 | F10: 4036 | G10: -1325 | H10: 6028 | I10: 3.0573797 | J10: -112.71042 | K10: 399992.47 | M10: -0.0011866912 | N10: 0.0066369772 | O10: 0.0018179789 | P10: 0.0033468008 | Q10: -0.0013106689 | R10: -0.024262071 | AJ10: =NA() -> #N/A | AK10: =NA() -> #N/A | AL10: =NA() -> #N/A | AM10: =NA() -> #N/A | AN10: =NA() -> #N/A | AO10: =NA() -> #N/A | AP10: =NA() -> #N/A
A11: 2.0638708e+08 | C11: -2606000 | D11: -6246000 | E11: 369700 | F11: 4037 | G11: -1323 | H11: 6028 | I11: 3.0573797 | J11: -112.71042 | K11: 399992.47 | M11: -0.00098463148 | N11: -0.0076681376 | O11: -0.00020321459 | P11: 0.0029176474 | Q11: -0.001286231 | R11: -0.024309754 | AJ11: =NA() -> #N/A | AK11: =NA() -> #N/A | AL11: =NA() -> #N/A | AM11: =NA() -> #N/A | AN11: =NA() -> #N/A | AO11: =NA() -> #N/A | AP11: =NA() -> #N/A
A12: 2.0638708e+08 | C12: -2605000 | D12: -6246000 | E12: 371200 | F12: 4037 | G12: -1322 | H12: 6028 | I12: 3.0573797 | J12: -112.71042 | K12: 399992.47 | M12: -0.0012266263 | N12: 0.0080674887 | O12: 0.0020301715 | P12: 0.0020116568 | Q12: -0.0014692172 | R12: -0.02309382 | AJ12: =NA() -> #N/A | AK12: =NA() -> #N/A | AL12: =NA() -> #N/A | AM12: =NA() -> #N/A | AN12: =NA() -> #N/A | AO12: =NA() -> #N/A | AP12: =NA() -> #N/A
A13: 2.0638708e+08 | C13: -2604000 | D13: -6247000 | E13: 372600 | F13: 4038 | G13: -1320 | H13: 6028 | I13: 3.0573797 | J13: -112.71042 | K13: 399992.47 | M13: -0.00085648149 | N13: -0.0087887049 | O13: -0.00034388155 | P13: 0.0029653311 | Q13: -0.00071879476 | R13: -0.022116303 | AJ13: =NA() -> #N/A | AK13: =NA() -> #N/A | AL13: =NA() -> #N/A | AM13: =NA() -> #N/A | AN13: =NA() -> #N/A | AO13: =NA() -> #N/A | AP13: =NA() -> #N/A
A14: 2.0638708e+08 | C14: -2603000 | D14: -6247000 | E14: 374100 | F14: 4039 | G14: -1318 | H14: 6028 | I14: 3.0573797 | J14: -112.71042 | K14: 399992.47 | M14: -0.0010704622 | N14: 0.0073522329 | O14: 0.0018728152 | P14: 0.0031560659 | Q14: -0.00048633665 | R14: -0.021591783 | AJ14: =NA() -> #N/A | AK14: =NA() -> #N/A | AL14: =NA() -> #N/A | AM14: =NA() -> #N/A | AN14: =NA() -> #N/A | AO14: =NA() -> #N/A | AP14: =NA() -> #N/A
A15: 2.0638708e+08 | C15: -2602000 | D15: -6247000 | E15: 375600 | F15: 4040 | G15: -1316 | H15: 6028 | I15: 3.0573797 | J15: -112.71042 | K15: 399992.47 | M15: -0.0007384643 | N15: -0.0080019236 | O15: -0.000234209 | P15: 0.0027745962 | Q15: -0.00041063875 | R15: -0.020638108 | AJ15: =NA() -> #N/A | AK15: =NA() -> #N/A | AL15: =NA() -> #N/A | AM15: =NA() -> #N/A | AN15: =NA() -> #N/A | AO15: =NA() -> #N/A | AP15: =NA() -> #N/A
A16: 2.0638708e+08 | C16: -2601000 | D16: -6248000 | E16: 377100 | F16: 4041 | G16: -1314 | H16: 6028 | I16: 3.0573797 | J16: -112.71042 | K16: 399992.47 | M16: -0.0010734424 | N16: 0.0081151724 | O16: 0.0019491091 | P16: 0.001963973 | Q16: -0.00064250082 | R16: -0.020089746 | AJ16: =NA() -> #N/A | AK16: =NA() -> #N/A | AL16: =NA() -> #N/A | AM16: =NA() -> #N/A | AN16: =NA() -> #N/A | AO16: =NA() -> #N/A | AP16: =NA() -> #N/A
A17: 2.0638708e+08 | C17: -2600000 | D17: -6248000 | E17: 378600 | F17: 4041 | G17: -1312 | H17: 6027 | I17: 3.0573797 | J17: -112.71042 | K17: 399992.47 | M17: -0.00068482012 | N17: -0.0084072351 | O17: -0.00029500574 | P17: 0.0029653311 | Q17: -2.9169023e-05 | R17: -0.020113587 | AJ17: =NA() -> #N/A | AK17: =NA() -> #N/A | AL17: =NA() -> #N/A | AM17: =NA() -> #N/A | AN17: =NA() -> #N/A | AO17: =NA() -> #N/A | AP17: =NA() -> #N/A
... A21: 2.0638708e+08 | C21: -2596000 | D21: -6249000 | E21: 384600 | F21: 4044 | G21: -1305 | H21: 6027 | I21: 3.0573797 | J21: -112.71042 | K21: 399992.47 | M21: -0.00049289316 | N21: -0.0079780817 | O21: -0.00026281923 | P21: 0.0024884939 | Q21: 0.00034932047 | R21: -0.017157197 | AJ21: =NA() -> #N/A | AK21: =NA() -> #N/A | AL21: =NA() -> #N/A | AM21: =NA() -> #N/A | AN21: =NA() -> #N/A | AO21: =NA() -> #N/A | AP21: =NA() -> #N/A
A22: 2.0638708e+08 | C22: -2596000 | D22: -6249000 | E22: 384600 | F22: 4044 | G22: -1305 | H22: 6027 | I22: 3.285898 | J22: -112.55113 | K22: 399983 | M22: -0.0009220466 | N22: 0.008687377 | O22: 0.001896657 | P22: 0.0027745962 | Q22: 0.00059369951 | R22: -0.017276406 | AJ22: 1 | AK22: =NA() -> #N/A | AL22: 3 | AM22: =NA() -> #N/A | AN22: =NA() -> #N/A | AO22: =NA() -> #N/A | AP22: =NA() -> #N/A
A23: 2.0638709e+08 | C23: -2593000 | D23: -6250000 | E23: 389100 | F23: 4047 | G23: -1299 | H23: 6027 | I23: 3.285898 | J23: -112.55113 | K23: 399983 | M23: -0.00044938177 | N23: -0.0074535608 | O23: -0.00021096319 | P23: 0.0031560659 | Q23: 0.00082973391 | R23: -0.017347932 | AJ23: =NA() -> #N/A | AK23: =NA() -> #N/A | AL23: =NA() -> #N/A | AM23: =NA() -> #N/A | AN23: =NA() -> #N/A | AO23: =NA() -> #N/A | AP23: =NA() -> #N/A
A24: 2.0638709e+08 | C24: -2592000 | D24: -6251000 | E24: 390500 | F24: 4048 | G24: -1298 | H24: 6026 | I24: 3.285898 | J24: -112.55113 | K24: 399983 | M24: -0.00081118196 | N24: 0.0076383352 | O24: 0.0017118827 | P24: 0.0024884939 | Q24: 0.00067714602 | R24: -0.016108155 | AJ24: =NA() -> #N/A | AK24: =NA() -> #N/A | AL24: =NA() -> #N/A | AM24: =NA() -> #N/A | AN24: =NA() -> #N/A | AO24: =NA() -> #N/A | AP24: =NA() -> #N/A
A25: 2.0638709e+08 | C25: -2591000 | D25: -6251000 | E25: 392000 | F25: 4048 | G25: -1296 | H25: 6026 | I25: 3.285898 | J25: -112.55113 | K25: 399983 | M25: -0.00036831945 | N25: -0.0085502863 | O25: -0.00037368387 | P25: 0.0022977591 | Q25: 0.00064972788 | R25: -0.015154481 | AJ25: =NA() -> #N/A | AK25: =NA() -> #N/A | AL25: =NA() -> #N/A | AM25: =NA() -> #N/A | AN25: =NA() -> #N/A | AO25: =NA() -> #N/A | AP25: =NA() -> #N/A
A26: 2.0638709e+08 | C26: -2590000 | D26: -6251000 | E26: 393500 | F26: 4049 | G26: -1294 | H26: 6026 | I26: 3.285898 | J26: -112.55113 | K26: 399983 | M26: -0.0008052215 | N26: 0.0082582235 | O26: 0.0017476454 | P26: 0.0026315451 | Q26: 0.00092986971 | R26: -0.015249848 | AJ26: =NA() -> #N/A | AK26: =NA() -> #N/A | AL26: =NA() -> #N/A | AM26: =NA() -> #N/A | AN26: =NA() -> #N/A | AO26: =NA() -> #N/A | AP26: =NA() -> #N/A
A27: 2.0638709e+08 | C27: -2589000 | D27: -6252000 | E27: 395100 | F27: 4050 | G27: -1292 | H27: 6026 | I27: 3.285898 | J27: -112.55113 | K27: 399983 | M27: -0.00032003969 | N27: -0.0077158213 | O27: -0.00028666109 | P27: 0.0031083822 | Q27: 0.0011551753 | R27: -0.015321374 | AJ27: =NA() -> #N/A | AK27: =NA() -> #N/A | AL27: =NA() -> #N/A | AM27: =NA() -> #N/A | AN27: =NA() -> #N/A | AO27: =NA() -> #N/A | AP27: =NA() -> #N/A
A28: 2.0638709e+08 | C28: -2584000 | D28: -6252000 | E28: 396500 | F28: 4051 | G28: -1290 | H28: 6026 | I28: 3.285898 | J28: -112.55113 | K28: 399983 | M28: -0.00082012266 | N28: 0.0092118979 | O28: 0.0018036738 | P28: 0.0027745962 | Q28: 0.0011623278 | R28: -0.014081597 | AJ28: =NA() -> #N/A | AK28: 2 | AL28: 3 | AM28: =NA() -> #N/A | AN28: =NA() -> #N/A | AO28: =NA() -> #N/A | AP28: =NA() -> #N/A
A29: 2.0638709e+08 | C29: -2579000 | D29: -6252000 | E29: 398000 | F29: 4051 | G29: -1288 | H29: 6026 | I29: 3.285898 | J29: -112.55113 | K29: 399983 | M29: -0.00019963831 | N29: -0.0066429377 | O29: -0.00020261854 | P29: 0.0032514334 | Q29: 0.0013637915 | R29: -0.013175607 | AJ29: =NA() -> #N/A | AK29: 2 | AL29: 3 | AM29: =NA() -> #N/A | AN29: =NA() -> #N/A | AO29: =NA() -> #N/A | AP29: =NA() -> #N/A
A30: 2.0638709e+08 | C30: -2574000 | D30: -6252000 | E30: 399500 | F30: 4052 | G30: -1286 | H30: 6026 | I30: 3.285898 | J30: -112.55113 | K30: 399983 | M30: -0.00063296407 | N30: 0.0071138144 | O30: 0.0014913455 | P30: 0.0030130148 | Q30: 0.0013900176 | R30: -0.013270974 | AJ30: =NA() -> #N/A | AK30: 2 | AL30: 3 | AM30: =NA() -> #N/A | AN30: =NA() -> #N/A | AO30: =NA() -> #N/A | AP30: =NA() -> #N/A
A31: 2.0638709e+08 | C31: -2569000 | D31: -6253000 | E31: 401000 | F31: 4053 | G31: -1285 | H31: 6026 | I31: 3.285898 | J31: -112.55113 | K31: 399983 | M31: -0.00020321459 | N31: -0.0072866678 | O31: -0.00028606504 | P31: 0.0028699636 | Q31: 0.0013006106 | R31: -0.0133425 | AJ31: =NA() -> #N/A | AK31: 2 | AL31: 3 | AM31: =NA() -> #N/A | AN31: =NA() -> #N/A | AO31: =NA() -> #N/A | AP31: =NA() -> #N/A
A32: 2.0638709e+08 | C32: -2564000 | D32: -6253000 | E32: 402500 | F32: 4054 | G32: -1283 | H32: 6025 | I32: 3.285898 | J32: -112.55113 | K32: 399983 | M32: -0.00067707151 | N32: 0.008019805 | O32: 0.0015485659 | P32: 0.0022977591 | Q32: 0.0011623278 | R32: -0.012078881 | AJ32: =NA() -> #N/A | AK32: 2 | AL32: 3 | AM32: =NA() -> #N/A | AN32: =NA() -> #N/A | AO32: =NA() -> #N/A | AP32: =NA() -> #N/A
A33: 2.0638709e+08 | C33: -2559000 | D33: -6253000 | E33: 404000 | F33: 4055 | G33: -1281 | H33: 6025 | I33: 3.285898 | J33: -112.55113 | K33: 399983 | M33: -0.00010188669 | N33: -0.0078350306 | O33: -0.00040408224 | P33: 0.0028699636 | Q33: 0.0013733283 | R33: -0.011172891 | AJ33: =NA() -> #N/A | AK33: 2 | AL33: 3 | AM33: =NA() -> #N/A | AN33: =NA() -> #N/A | AO33: =NA() -> #N/A | AP33: =NA() -> #N/A
A34: 2.0638709e+08 | C34: -2554000 | D34: -6254000 | E34: 405500 | F34: 4055 | G34: -1279 | H34: 6025 | I34: 3.285898 | J34: -112.55113 | K34: 399983 | M34: -0.00070687383 | N34: 0.0092118979 | O34: 0.0015962496 | P34: 0.0026315451 | Q34: 0.0014114752 | R34: -0.010576844 | AJ34: =NA() -> #N/A | AK34: 2 | AL34: 3 | AM34: =NA() -> #N/A | AN34: =NA() -> #N/A | AO34: =NA() -> #N/A | AP34: =NA() -> #N/A
A35: 2.0638709e+08 | C35: -2549000 | D35: -6254000 | E35: 407000 | F35: 4056 | G35: -1277 | H35: 6025 | I35: 3.285898 | J35: -112.55113 | K35: 399983 | M35: -7.9832971e-05 | N35: -0.0066667795 | O35: -0.00028010458 | P35: 0.0025838614 | Q35: 0.0012982264 | R35: -0.01064837 | AJ35: =NA() -> #N/A | AK35: 2 | AL35: 3 | AM35: =NA() -> #N/A | AN35: =NA() -> #N/A | AO35: =NA() -> #N/A | AP35: =NA() -> #N/A
A36: 2.0638709e+08 | C36: -2544000 | D36: -6254000 | E36: 408400 | F36: 4057 | G36: -1275 | H36: 6025 | I36: 3.285898 | J36: -112.55113 | K36: 399983 | M36: -0.00056680292 | N36: 0.0070184469 | O36: 0.0013518706 | P36: 0.0020593405 | Q36: 0.0011992827 | R36: -0.010696054 | AJ36: =NA() -> #N/A | AK36: 2 | AL36: 3 | AM36: =NA() -> #N/A | AN36: =NA() -> #N/A | AO36: =NA() -> #N/A | AP36: =NA() -> #N/A
A37: 2.0638709e+08 | C37: -2539000 | D37: -6255000 | E37: 409900 | F37: 4058 | G37: -1274 | H37: 6025 | I37: 3.285898 | J37: -112.55113 | K37: 399983 | M37: -5.5991113e-05 | N37: -0.00859797 | O37: -0.00053044409 | P37: 0.0020593405 | Q37: 0.0011122599 | R37: -0.009766221 | AJ37: =NA() -> #N/A | AK37: 2 | AL37: 3 | AM37: =NA() -> #N/A | AN37: =NA() -> #N/A | AO37: =NA() -> #N/A | AP37: =NA() -> #N/A
A38: 2.0638709e+08 | C38: -2534000 | D38: -6255000 | E38: 411400 | F38: 4058 | G38: -1272 | H38: 6025 | I38: 3.285898 | J38: -112.55113 | K38: 399983 | M38: -0.00063594431 | N38: 0.0082582235 | O38: 0.0014162436 | P38: 0.0015825033 | Q38: 0.0010013953 | R38: -0.0091463327 | AJ38: =NA() -> #N/A | AK38: 2 | AL38: 3 | AM38: =NA() -> #N/A | AN38: =NA() -> #N/A | AO38: =NA() -> #N/A | AP38: =NA() -> #N/A
A39: 2.0638709e+08 | C39: -2529000 | D39: -6255000 | E39: 411400 | F39: 4058 | G39: -1272 | H39: 6025 | I39: 3.5150177 | J39: -112.39127 | K39: 399975.69 | M39: -1.7844141e-05 | N39: -0.0076442957 | O39: -0.00043865293 | P39: 0.0022500753 | Q39: 0.0012231246 | R39: -0.0092178583 | AJ39: 1 | AK39: =NA() -> #N/A | AL39: 3 | AM39: =NA() -> #N/A | AN39: =NA() -> #N/A | AO39: =NA() -> #N/A | AP39: =NA() -> #N/A
A40: 2.0638709e+08 | C40: -2524000 | D40: -6256000 | E40: 415900 | F40: 4061 | G40: -1266 | H40: 6024 | I40: 3.5150177 | J40: -112.39127 | K40: 399975.69 | M40: -0.00069376081 | N40: 0.009354949 | O40: 0.0015414134 | P40: 0.0020593405 | Q40: 0.0012946501 | R40: -0.009265542 | AJ40: =NA() -> #N/A | AK40: =NA() -> #N/A | AL40: =NA() -> #N/A | AM40: =NA() -> #N/A | AN40: =NA() -> #N/A | AO40: =NA() -> #N/A | AP40: =NA() -> #N/A
A41: 2.0638709e+08 | C41: -2519000 | D41: -6256000 | E41: 417400 | F41: 4062 | G41: -1264 | H41: 6024 | I41: 3.5150177 | J41: -112.39127 | K41: 399975.69 | M41: 1.0766089e-05 | N41: -0.0065714121 | O41: -0.00034209341 | P41: 0.0020116568 | Q41: 0.0011444464 | R41: -0.0083118677 | AJ41: =NA() -> #N/A | AK41: 2 | AL41: 3 | AM41: =NA() -> #N/A | AN41: =NA() -> #N/A | AO41: =NA() -> #N/A | AP41: =NA() -> #N/A
A42: 2.0638709e+08 | C42: -2514000 | D42: -6257000 | E42: 418900 | F42: 4062 | G42: -1263 | H42: 6024 | I42: 3.5150177 | J42: -112.39127 | K42: 399975.69 | M42: -0.00050719827 | N42: 0.0070661306 | O42: 0.0011861697 | P42: 0.0015825033 | Q42: 0.0010502711 | R42: -0.0076919794 | AJ42: =NA() -> #N/A | AK42: 2 | AL42: 3 | AM42: =NA() -> #N/A | AN42: =NA() -> #N/A | AO42: =NA() -> #N/A | AP42: =NA() -> #N/A
A43: 2.0638709e+08 | C43: -2509000 | D43: -6277000 | E43: 420400 | F43: 4063 | G43: -1261 | H43: 6024 | I43: 3.5150177 | J43: -112.39127 | K43: 399975.69 | M43: 3.8184226e-05 | N43: -0.0076204538 | O43: -0.00048991293 | P43: 0.001630187 | Q43: 0.00097278506 | R43: -0.0074058771 | AJ43: =NA() -> #N/A | AK43: 2 | AL43: 3 | AM43: =NA() -> #N/A | AN43: =NA() -> #N/A | AO43: =NA() -> #N/A | AP43: =NA() -> #N/A
A44: 2.0638709e+08 | C44: -2504000 | D44: -6288000 | E44: 421900 | F44: 4064 | G44: -1259 | H44: 6024 | I44: 3.5150177 | J44: -112.39127 | K44: 399975.69 | M44: -0.0006782636 | N44: 0.0092118979 | O44: 0.0014186278 | P44: 0.0011533499 | Q44: 0.00090125948 | R44: -0.007429719 | AJ44: =NA() -> #N/A | AK44: 2 | AL44: 3 | AM44: =NA() -> #N/A | AN44: =NA() -> #N/A | AO44: =NA() -> #N/A | AP44: =NA() -> #N/A
A45: 2.0638709e+08 | C45: -2499000 | D45: -6289000 | E45: 423400 | F45: 4065 | G45: -1257 | H45: 6024 | I45: 3.5150177 | J45: -112.39127 | K45: 399975.69 | M45: 6.9178641e-05 | N45: -0.0067621469 | O45: -0.00041659921 | P45: 0.0018209219 | Q45: 0.0010776892 | R45: -0.0068336725 | AJ45: =NA() -> #N/A | AK45: 2 | AL45: 3 | AM45: =NA() -> #N/A | AN45: =NA() -> #N/A | AO45: =NA() -> #N/A | AP45: =NA() -> #N/A
A46: 2.0638709e+08 | C46: -2494000 | D46: -6291000 | E46: 424900 | F46: 4065 | G46: -1255 | H46: 6023 | I46: 3.5150177 | J46: -112.39127 | K46: 399975.69 | M46: -0.00045653433 | N46: 0.0068753958 | O46: 0.0010931864 | P46: 0.0018209219 | Q46: 0.0011682883 | R46: -0.0065237284 | AJ46: =NA() -> #N/A | AK46: 2 | AL46: 3 | AM46: =NA() -> #N/A | AN46: =NA() -> #N/A | AO46: =NA() -> #N/A | AP46: =NA() -> #N/A
A47: 2.0638709e+08 | C47: -2489000 | D47: -6293000 | E47: 426300 | F47: 4066 | G47: -1253 | H47: 6023 | I47: 3.5150177 | J47: -112.39127 | K47: 399975.69 | M47: 8.7060034e-05 | N47: -0.0075727701 | O47: -0.00051852316 | P47: 0.0018686056 | Q47: 0.001100339 | R47: -0.0065952539 | AJ47: =NA() -> #N/A | AK47: 2 | AL47: 3 | AM47: =NA() -> #N/A | AN47: =NA() -> #N/A | AO47: =NA() -> #N/A | AP47: =NA() -> #N/A
A48: 2.0638709e+08 | C48: -2484000 | D48: -6259000 | E48: 427800 | F48: 4067 | G48: -1251 | H48: 6023 | I48: 3.5150177 | J48: -112.39127 | K48: 399975.69 | M48: -0.0006460771 | N48: 0.0093072653 | O48: 0.0013292208 | P48: 0.0014394522 | Q48: 0.001022853 | R48: -0.0059515238 | AJ48: =NA() -> #N/A | AK48: 2 | AL48: 3 | AM48: =NA() -> #N/A | AN48: =NA() -> #N/A | AO48: =NA() -> #N/A | AP48: =NA() -> #N/A
A49: 2.0638709e+08 | C49: -2479000 | D49: -6259000 | E49: 429300 | F49: 4068 | G49: -1250 | H49: 6023 | I49: 3.5150177 | J49: -112.39127 | K49: 399975.69 | M49: 0.00010017306 | N49: -0.0067144632 | O49: -0.00045057386 | P49: 0.0014871359 | Q49: 0.00090483576 | R49: -0.0056654215 | AJ49: =NA() -> #N/A | AK49: 2 | AL49: 3 | AM49: =NA() -> #N/A | AN49: =NA() -> #N/A | AO49: =NA() -> #N/A | AP49: =NA() -> #N/A
A50: 2.0638709e+08 | C50: -2474000 | D50: -6259000 | E50: 430800 | F50: 4069 | G50: -1248 | H50: 6023 | I50: 3.5150177 | J50: -112.39127 | K50: 399975.69 | M50: -0.00046070665 | N50: 0.0068277121 | O50: 0.0010407344 | P50: 0.0011056662 | Q50: 0.0008643046 | R50: -0.0056892633 | AJ50: =NA() -> #N/A | AK50: 2 | AL50: 3 | AM50: =NA() -> #N/A | AN50: =NA() -> #N/A | AO50: =NA() -> #N/A | AP50: =NA() -> #N/A
A51: 2.0638709e+08 | C51: -2564000 | D51: -6259000 | E51: 432300 | F51: 4069 | G51: -1246 | H51: 6023 | I51: 3.5150177 | J51: -112.39127 | K51: 399975.69 | M51: 0.00010136515 | N51: -0.0089079142 | O51: -0.00069316477 | P51: 0.0012487173 | Q51: 0.00082138926 | R51: -0.0057369471 | AJ51: =NA() -> #N/A | AK51: 2 | AL51: 3 | AM51: =NA() -> #N/A | AN51: =NA() -> #N/A | AO51: =NA() -> #N/A | AP51: =NA() -> #N/A
A52: 2.0638709e+08 | C52: -2563000 | D52: -6260000 | E52: 433800 | F52: 4070 | G52: -1244 | H52: 6023 | I52: 3.5150177 | J52: -112.39127 | K52: 399975.69 | M52: -0.00053640455 | N52: 0.0078290701 | O52: 0.0011170283 | P52: 0.0009149313 | Q52: 0.00075582415 | R52: -0.005069375 | AJ52: =NA() -> #N/A | AK52: =NA() -> #N/A | AL52: =NA() -> #N/A | AM52: =NA() -> #N/A | AN52: =NA() -> #N/A | AO52: =NA() -> #N/A | AP52: =NA() -> #N/A
A53: 2.0638709e+08 | C53: -2562000 | D53: -6260000 | E53: 435300 | F53: 4071 | G53: -1242 | H53: 6022 | I53: 3.5150177 | J53: -112.39127 | K53: 399975.69 | M53: 0.00015381724 | N53: -0.0081449747 | O53: -0.00064309686 | P53: 0.0017255545 | Q53: 0.0009823218 | R53: -0.0048071146 | AJ53: =NA() -> #N/A | AK53: =NA() -> #N/A | AL53: =NA() -> #N/A | AM53: =NA() -> #N/A | AN53: =NA() -> #N/A | AO53: =NA() -> #N/A | AP53: =NA() -> #N/A
A54: 2.0638709e+08 | C54: -2562000 | D54: -6260000 | E54: 435300 | F54: 4071 | G54: -1242 | H54: 6022 | I54: 3.7181935 | J54: -112.24934 | K54: 399963.69 | M54: -0.00070627779 | N54: 0.0081151724 | O54: 0.0011480227 | P54: -0.0019937754 | Q54: -0.00059958547 | R54: -0.0047594309 | AJ54: 1 | AK54: =NA() -> #N/A | AL54: 3 | AM54: =NA() -> #N/A | AN54: =NA() -> #N/A | AO54: =NA() -> #N/A | AP54: =NA() -> #N/A
A55: 2.0638709e+08 | C55: -2560000 | D55: -6261000 | E55: 438200 | F55: 4072 | G55: -1239 | H55: 6022 | I55: 3.7181935 | J55: -112.24934 | K55: 399963.69 | M55: 6.6794455e-05 | N55: -0.0083118677 | O55: -0.00064786524 | P55: -0.00018179417 | Q55: 0.00013474375 | R55: -0.0047594309 | AJ55: =NA() -> #N/A | AK55: =NA() -> #N/A | AL55: =NA() -> #N/A | AM55: =NA() -> #N/A | AN55: =NA() -> #N/A | AO55: =NA() -> #N/A | AP55: =NA() -> #N/A
A56: 2.0638709e+08 | C56: -2559000 | D56: -6261000 | E56: 439800 | F56: 4073 | G56: -1237 | H56: 6022 | I56: 3.7181935 | J56: -112.24934 | K56: 399963.69 | M56: -0.00058885664 | N56: 0.0083059072 | O56: 0.0011527911 | P56: 0.00043809414 | Q56: 0.00055078417 | R56: -0.0047594309 | AJ56: =NA() -> #N/A | AK56: =NA() -> #N/A | AL56: =NA() -> #N/A | AM56: =NA() -> #N/A | AN56: =NA() -> #N/A | AO56: =NA() -> #N/A | AP56: =NA() -> #N/A
A57: 2.0638709e+08 | C57: -2558000 | D57: -6261000 | E57: 441300 | F57: 4074 | G57: -1235 | H57: 6022 | I57: 3.7181935 | J57: -112.24934 | K57: 399963.69 | M57: 0.00013355166 | N57: -0.007763505 | O57: -0.00059898943 | P57: 0.0012010336 | Q57: 0.00078443438 | R57: -0.0048071146 | AJ57: =NA() -> #N/A | AK57: =NA() -> #N/A | AL57: =NA() -> #N/A | AM57: =NA() -> #N/A | AN57: =NA() -> #N/A | AO57: =NA() -> #N/A | AP57: =NA() -> #N/A
A58: 2.0638709e+08 | C58: -2557000 | D58: -6262000 | E58: 442800 | F58: 4075 | G58: -1233 | H58: 6022 | I58: 3.7181935 | J58: -112.24934 | K58: 399963.69 | M58: -0.00060256571 | N58: 0.009021163 | O58: 0.0011790171 | P58: 0.0011533499 | Q58: 0.00087860972 | R58: -0.0041395426 | AJ58: =NA() -> #N/A | AK58: =NA() -> #N/A | AL58: =NA() -> #N/A | AM58: =NA() -> #N/A | AN58: =NA() -> #N/A | AO58: =NA() -> #N/A | AP58: =NA() -> #N/A
A59: 2.0638709e+08 | C59: -2556000 | D59: -6262000 | E59: 444200 | F59: 4076 | G59: -1231 | H59: 6022 | I59: 3.7181935 | J59: -112.24934 | K59: 399963.69 | M59: 0.00016216189 | N59: -0.0070482492 | O59: -0.00055428594 | P59: 0.001296401 | Q59: 0.00076655298 | R59: -0.0038534403 | AJ59: =NA() -> #N/A | AK59: =NA() -> #N/A | AL59: =NA() -> #N/A | AM59: =NA() -> #N/A | AN59: =NA() -> #N/A | AO59: =NA() -> #N/A | AP59: =NA() -> #N/A
A60: 2.063871e+08 | C60: -2555000 | D60: -6262000 | E60: 445700 | F60: 4076 | G60: -1229 | H60: 6021 | I60: 3.7181935 | J60: -112.24934 | K60: 399963.69 | M60: -0.00052984804 | N60: 0.0080674887 | O60: 0.0010598078 | P60: 0.0009149313 | Q60: 0.00075224787 | R60: -0.0038534403 | AJ60: =NA() -> #N/A | AK60: =NA() -> #N/A | AL60: =NA() -> #N/A | AM60: =NA() -> #N/A | AN60: =NA() -> #N/A | AO60: =NA() -> #N/A | AP60: =NA() -> #N/A
A61: 2.063871e+08 | C61: -2554000 | D61: -6262000 | E61: 447200 | F61: 4077 | G61: -1227 | H61: 6021 | I61: 3.7181935 | J61: -112.24934 | K61: 399963.69 | M61: 0.00019077212 | N61: -0.007930398 | O61: -0.00065322965 | P61: 0.0017732382 | Q61: 0.00098589808 | R61: -0.0039249659 | AJ61: =NA() -> #N/A | AK61: =NA() -> #N/A | AL61: =NA() -> #N/A | AM61: =NA() -> #N/A | AN61: =NA() -> #N/A | AO61: =NA() -> #N/A | AP61: =NA() -> #N/A
A62: 2.063871e+08 | C62: -2553000 | D62: -6263000 | E62: 448700 | F62: 4078 | G62: -1226 | H62: 6021 | I62: 3.7181935 | J62: -112.24934 | K62: 399963.69 | M62: -0.00070568174 | N62: 0.008353591 | O62: 0.001113452 | P62: -0.0019460917 | Q62: -0.00057335943 | R62: -0.0038534403 | AJ62: =NA() -> #N/A | AK62: =NA() -> #N/A | AL62: =NA() -> #N/A | AM62: =NA() -> #N/A | AN62: =NA() -> #N/A | AO62: =NA() -> #N/A | AP62: =NA() -> #N/A
A63: 2.063871e+08 | C63: -2552000 | D63: -6263000 | E63: 450200 | F63: 4079 | G63: -1224 | H63: 6021 | I63: 3.7181935 | J63: -112.24934 | K63: 399963.69 | M63: 0.00010494143 | N63: -0.0080734491 | O63: -0.00065620989 | P63: -0.00013411045 | Q63: 0.00014785677 | R63: -0.0038772821 | AJ63: =NA() -> #N/A | AK63: =NA() -> #N/A | AL63: =NA() -> #N/A | AM63: =NA() -> #N/A | AN63: =NA() -> #N/A | AO63: =NA() -> #N/A | AP63: =NA() -> #N/A
A64: 2.063871e+08 | C64: -2551000 | D64: -6263000 | E64: 451700 | F64: 4079 | G64: -1222 | H64: 6021 | I64: 3.7181935 | J64: -112.24934 | K64: 399963.69 | M64: -0.00058885664 | N64: 0.0085920095 | O64: 0.0011194125 | P64: 0.00048577785 | Q64: 0.00058535486 | R64: -0.0038534403 | AJ64: =NA() -> #N/A | AK64: =NA() -> #N/A | AL64: =NA() -> #N/A | AM64: =NA() -> #N/A | AN64: =NA() -> #N/A | AO64: =NA() -> #N/A | AP64: =NA() -> #N/A
A65: 2.063871e+08 | C65: -2550000 | D65: -6264000 | E65: 453200 | F65: 4080 | G65: -1220 | H65: 6021 | I65: 3.7181935 | J65: -112.24934 | K65: 399963.69 | M65: 0.00019077212 | N65: -0.0075250864 | O65: -0.00062879175 | P65: 0.0013440847 | Q65: 0.00076536089 | R65: -0.0032573938 | AJ65: =NA() -> #N/A | AK65: =NA() -> #N/A | AL65: =NA() -> #N/A | AM65: =NA() -> #N/A | AN65: =NA() -> #N/A | AO65: =NA() -> #N/A | AP65: =NA() -> #N/A
A66: 2.063871e+08 | C66: -2549000 | D66: -6264000 | E66: 454700 | F66: 4081 | G66: -1218 | H66: 6021 | I66: 3.7181935 | J66: -112.24934 | K66: 399963.69 | M66: -0.00060077757 | N66: 0.0093072653 | O66: 0.0011194125 | P66: 0.001296401 | Q66: 0.00090245157 | R66: -0.0029236078 | AJ66: =NA() -> #N/A | AK66: =NA() -> #N/A | AL66: =NA() -> #N/A | AM66: =NA() -> #N/A | AN66: =NA() -> #N/A | AO66: =NA() -> #N/A | AP66: =NA() -> #N/A
... A71: 2.063871e+08 | C71: -2543000 | D71: -6266000 | E71: 463600 | F71: 4085 | G71: -1207 | H71: 6020 | I71: 3.7181935 | J71: -112.24934 | K71: 399963.69 | M71: 0.00016693026 | N71: -0.0078111887 | O71: -0.00066634268 | P71: 0.00048577785 | Q71: 0.00039223582 | R71: -0.0029712915 | AJ71: =NA() -> #N/A | AK71: =NA() -> #N/A | AL71: =NA() -> #N/A | AM71: =NA() -> #N/A | AN71: =NA() -> #N/A | AO71: =NA() -> #N/A | AP71: =NA() -> #N/A
A72: 2.063871e+08 | C72: -2542000 | D72: -6266000 | E72: 465100 | F72: 4086 | G72: -1205 | H72: 6020 | I72: 3.7181935 | J72: -112.24934 | K72: 399963.69 | M72: -0.00060971826 | N72: 0.0087827444 | O72: 0.0010800734 | P72: 0.00015199184 | Q72: 0.00039223582 | R72: -0.0029474497 | AJ72: =NA() -> #N/A | AK72: =NA() -> #N/A | AL72: =NA() -> #N/A | AM72: =NA() -> #N/A | AN72: =NA() -> #N/A | AO72: =NA() -> #N/A | AP72: 7
A73: 2.063871e+08 | C73: -2541000 | D73: -6266000 | E73: 466600 | F73: 4087 | G73: -1203 | H73: 6019 | I73: 3.7181935 | J73: -112.24934 | K73: 399963.69 | M73: 0.00017527491 | N73: -0.0075250864 | O73: -0.00065799803 | P73: 0.00034272671 | Q73: 0.00026825815 | R73: -0.0023275614 | AJ73: =NA() -> #N/A | AK73: =NA() -> #N/A | AL73: =NA() -> #N/A | AM73: =NA() -> #N/A | AN73: =NA() -> #N/A | AO73: =NA() -> #N/A | AP73: 7
A74: 2.063871e+08 | C74: -2540000 | D74: -6267000 | E74: 468000 | F74: 4088 | G74: -1202 | H74: 6019 | I74: 3.7181935 | J74: -112.24934 | K74: 399963.69 | M74: -0.00062759966 | N74: 0.009021163 | O74: 0.0010335818 | P74: -1.4901161e-05 | Q74: 0.00024560839 | R74: -0.0019460917 | AJ74: =NA() -> #N/A | AK74: =NA() -> #N/A | AL74: =NA() -> #N/A | AM74: =NA() -> #N/A | AN74: =NA() -> #N/A | AO74: =NA() -> #N/A | AP74: 7
A75: 2.063871e+08 | C75: -2539000 | D75: -6267000 | E75: 469600 | F75: 4089 | G75: -1200 | H75: 6019 | I75: 3.7181935 | J75: -112.24934 | K75: 399963.69 | M75: 7.8715384e-05 | N75: -0.007262826 | O75: -0.00053461641 | P75: 0.00010430813 | Q75: 0.00040296465 | R75: -0.0053077936 | AJ75: =NA() -> #N/A | AK75: =NA() -> #N/A | AL75: =NA() -> #N/A | AM75: =NA() -> #N/A | AN75: =NA() -> #N/A | AO75: =NA() -> #N/A | AP75: 7
A76: 2.063871e+08 | C76: -2538000 | D76: -6267000 | E76: 471100 | F76: 4089 | G76: -1198 | H76: 6019 | I76: 3.7181935 | J76: -112.24934 | K76: 399963.69 | M76: -0.00054355711 | N76: 0.0076383352 | O76: 0.0010097399 | P76: -0.00022947788 | Q76: 0.0002611056 | R76: -0.0036150217 | AJ76: =NA() -> #N/A | AK76: =NA() -> #N/A | AL76: =NA() -> #N/A | AM76: =NA() -> #N/A | AN76: =NA() -> #N/A | AO76: =NA() -> #N/A | AP76: 7
A77: 2.063871e+08 | C77: -2537000 | D77: -6268000 | E77: 472600 | F77: 4090 | G77: -1196 | H77: 6019 | I77: 3.7181935 | J77: -112.24934 | K77: 399963.69 | M77: 0.00020507723 | N77: -0.0085502863 | O77: -0.00075872988 | P77: 0.00096261501 | Q77: 0.00058058649 | R77: -0.0026613474 | AJ77: =NA() -> #N/A | AK77: =NA() -> #N/A | AL77: =NA() -> #N/A | AM77: =NA() -> #N/A | AN77: =NA() -> #N/A | AO77: =NA() -> #N/A | AP77: 7
A78: 2.063871e+08 | C78: -2536000 | D78: -6268000 | E78: 474000 | F78: 4091 | G78: -1194 | H78: 6019 | I78: 3.7181935 | J78: -112.24934 | K78: 399963.69 | M78: -0.00050839037 | N78: 0.0081628561 | O78: 0.00094298273 | P78: 0.0010102987 | Q78: 0.0007141009 | R78: -0.0019937754 | AJ78: =NA() -> #N/A | AK78: =NA() -> #N/A | AL78: =NA() -> #N/A | AM78: =NA() -> #N/A | AN78: =NA() -> #N/A | AO78: =NA() -> #N/A | AP78: 7
A79: 2.063871e+08 | C79: -2535000 | D79: -6268000 | E79: 475500 | F79: 4092 | G79: -1192 | H79: 6019 | I79: 3.7181935 | J79: -112.24934 | K79: 399963.69 | M79: 0.00024084002 | N79: -0.0079542398 | O79: -0.00073250383 | P79: 0.0012010336 | Q79: 0.00061634928 | R79: -0.0017315149 | AJ79: =NA() -> #N/A | AK79: =NA() -> #N/A | AL79: =NA() -> #N/A | AM79: =NA() -> #N/A | AN79: =NA() -> #N/A | AO79: =NA() -> #N/A | AP79: 7
A80: 2.063871e+08 | C80: -2534000 | D80: -6268000 | E80: 477000 | F80: 4092 | G80: -1190 | H80: 6018 | I80: 3.7181935 | J80: -112.24934 | K80: 399963.69 | M80: -0.00055786222 | N80: 0.0087350607 | O80: 0.0009823218 | P80: 0.0009149313 | Q80: 0.00065330416 | R80: -0.0017076731 | AJ80: =NA() -> #N/A | AK80: =NA() -> #N/A | AL80: =NA() -> #N/A | AM80: =NA() -> #N/A | AN80: =NA() -> #N/A | AO80: =NA() -> #N/A | AP80: 7
A81: 2.063871e+08 | C81: -2533000 | D81: -6269000 | E81: 478500 | F81: 4093 | G81: -1189 | H81: 6018 | I81: 3.7181935 | J81: -112.24934 | K81: 399963.69 | M81: 0.00022891909 | N81: -0.0074058771 | O81: -0.00067587942 | P81: 0.0010579824 | Q81: 0.00056747347 | R81: -0.0017553568 | AJ81: =NA() -> #N/A | AK81: =NA() -> #N/A | AL81: =NA() -> #N/A | AM81: =NA() -> #N/A | AN81: =NA() -> #N/A | AO81: =NA() -> #N/A | AP81: 7
A82: 2.063871e+08 | C82: -2532000 | D82: -6269000 | E82: 480000 | F82: 4094 | G82: -1187 | H82: 6018 | I82: 3.7181935 | J82: -112.24934 | K82: 399963.69 | M82: -0.00047024339 | N82: 0.0076383352 | O82: 0.00087264925 | P82: 0.00081956387 | Q82: 0.00060085207 | R82: -0.0017553568 | AJ82: =NA() -> #N/A | AK82: =NA() -> #N/A | AL82: =NA() -> #N/A | AM82: =NA() -> #N/A | AN82: =NA() -> #N/A | AO82: =NA() -> #N/A | AP82: 7
A83: 2.063871e+08 | C83: -2531000 | D83: -6269000 | E83: 481500 | F83: 4095 | G83: -1185 | H83: 6018 | I83: 3.7181935 | J83: -112.24934 | K83: 399963.69 | M83: 0.00023607165 | N83: -0.0085502863 | O83: -0.00079210848 | P83: 0.0010102987 | Q83: 0.0005460158 | R83: -0.0018268824 | AJ83: =NA() -> #N/A | AK83: =NA() -> #N/A | AL83: =NA() -> #N/A | AM83: =NA() -> #N/A | AN83: =NA() -> #N/A | AO83: =NA() -> #N/A | AP83: 7
... A85: 2.063871e+08 | C85: -2529000 | D85: -6270000 | E85: 484500 | F85: 4096 | G85: -1181 | H85: 6018 | I85: 3.7181935 | J85: -112.24934 | K85: 399963.69 | M85: 0.00015262514 | N85: -0.0080019236 | O85: -0.00065442175 | P85: 0.0009149313 | Q85: 0.0007307902 | R85: -0.0045210123 | AJ85: =NA() -> #N/A | AK85: =NA() -> #N/A | AL85: =NA() -> #N/A | AM85: =NA() -> #N/A | AN85: =NA() -> #N/A | AO85: =NA() -> #N/A | AP85: 7
A86: 2.0638711e+08 | C86: -2528000 | D86: -6270000 | E86: 485900 | F86: 4097 | G86: -1179 | H86: 6017 | I86: 3.7181935 | J86: -112.24934 | K86: 399963.69 | M86: -0.0005781278 | N86: 0.008687377 | O86: 0.001062192 | P86: 0.00058114529 | Q86: 0.00061038882 | R86: -0.0028282404 | AJ86: 1 | AK86: =NA() -> #N/A | AL86: 3 | AM86: =NA() -> #N/A | AN86: =NA() -> #N/A | AO86: =NA() -> #N/A | AP86: 7
A87: 2.0638712e+08 | C87: -2527000 | D87: -6270000 | E87: 487400 | F87: 4098 | G87: -1178 | H87: 6017 | I87: 3.7181935 | J87: -112.24934 | K87: 399963.69 | M87: 0.00021342188 | N87: -0.0075250864 | O87: -0.00068482012 | P87: 0.00072419643 | Q87: 0.00043515116 | R87: -0.0018745661 | AJ87: 1 | AK87: =NA() -> #N/A | AL87: 3 | AM87: =NA() -> #N/A | AN87: =NA() -> #N/A | AO87: =NA() -> #N/A | AP87: 7
A88: 2.0638713e+08 | C88: -2526000 | D88: -6271000 | E88: 488900 | F88: 4098 | G88: -1176 | H88: 6017 | I88: 3.7181935 | J88: -112.24934 | K88: 399963.69 | M88: -0.00060435385 | N88: 0.0090688467 | O88: 0.00098589808 | P88: 0.00043809414 | Q88: 0.00041011721 | R88: -0.0011831522 | AJ88: 1 | AK88: =NA() -> #N/A | AL88: 3 | AM88: =NA() -> #N/A | AN88: =NA() -> #N/A | AO88: =NA() -> #N/A | AP88: 7
A89: 2.069919e+08 | C89: -2525000 | D89: -6271000 | E89: 490400 | F89: 4099 | G89: -1174 | H89: 6017 | I89: 3.7181935 | J89: -112.24934 | K89: 399963.69 | M89: 0.00023011118 | N89: -0.0072151423 | O89: -0.0006872043 | P89: 0.000628829 | Q89: 0.00029567629 | R89: -0.0008970499 | AJ89: 1 | AK89: =NA() -> #N/A | AL89: 3 | AM89: =NA() -> #N/A | AN89: =NA() -> #N/A | AO89: =NA() -> #N/A | AP89: 7
A90: 2.0699191e+08 | C90: -2524000 | D90: -6271000 | E90: 491900 | F90: 4100 | G90: -1172 | H90: 6017 | I90: 3.7181935 | J90: -112.24934 | K90: 399963.69 | M90: -0.00048991293 | N90: 0.0076860189 | O90: 0.00082496554 | P90: 0.00034272671 | Q90: 0.00033263117 | R90: -0.00087320805 | AJ90: 1 | AK90: =NA() -> #N/A | AL90: 3 | AM90: =NA() -> #N/A | AN90: =NA() -> #N/A | AO90: =NA() -> #N/A | AP90: 7
A91: 2.088063e+08 | C91: -2523000 | D91: -6272000 | E91: 493400 | F91: 4101 | G91: -1170 | H91: 6017 | I91: 3.7181935 | J91: -112.24934 | K91: 399963.69 | M91: 0.00027302653 | N91: -0.0084549189 | O91: -0.00081893057 | P91: 0.001296401 | Q91: 0.00058416277 | R91: -0.00094473362 | AJ91: 1 | AK91: =NA() -> #N/A | AL91: 3 | AM91: =NA() -> #N/A | AN91: =NA() -> #N/A | AO91: =NA() -> #N/A | AP91: 7
A92: 2.0880631e+08 | C92: -2522000 | D92: -6272000 | E92: 494900 | F92: 4102 | G92: -1168 | H92: 6016 | I92: 3.7181935 | J92: -112.24934 | K92: 399963.69 | M92: -0.0006371364 | N92: 0.0076383352 | O92: 0.00083569437 | P92: -0.0023275614 | Q92: -0.00091012567 | R92: -0.00084936619 | AJ92: 1 | AK92: =NA() -> #N/A | AL92: 3 | AM92: =NA() -> #N/A | AN92: =NA() -> #N/A | AO92: =NA() -> #N/A | AP92: 7
A93: 2.063871e+08 | C93: -2521000 | D93: -6272000 | E93: 496400 | F93: 4102 | G93: -1166 | H93: 6016 | I93: 3.7181935 | J93: -112.24934 | K93: 399963.69 | M93: 0.0001931563 | N93: -0.0089079142 | O93: -0.0008552894 | P93: -0.00039637089 | Q93: -0.00016506761 | R93: -0.0008970499 | AJ93: 1 | AK93: =NA() -> #N/A | AL93: 3 | AM93: =NA() -> #N/A | AN93: =NA() -> #N/A | AO93: =NA() -> #N/A | AP93: =NA() -> #N/A
A94: 2.063871e+08 | C94: -2520000 | D94: -6272000 | E94: 497800 | F94: 4103 | G94: -1165 | H94: 6016 | I94: 3.7181935 | J94: -112.24934 | K94: 399963.69 | M94: -0.00049408525 | N94: 0.0075429678 | O94: 0.00081066042 | P94: 8.9406967e-06 | Q94: 0.000176467 | R94: -0.00084936619 | AJ94: =NA() -> #N/A | AK94: =NA() -> #N/A | AL94: =NA() -> #N/A | AM94: =NA() -> #N/A | AN94: =NA() -> #N/A | AO94: =NA() -> #N/A | AP94: =NA() -> #N/A
A95: 2.063871e+08 | C95: -2519000 | D95: -6273000 | E95: 499300 | F95: 4104 | G95: -1163 | H95: 6016 | I95: 3.7181935 | J95: -112.24934 | K95: 399963.69 | M95: 0.00022891909 | N95: -0.0088125467 | O95: -0.00084694475 | P95: 0.00029504299 | Q95: 0.00013951212 | R95: -0.0008970499 | AJ95: =NA() -> #N/A | AK95: =NA() -> #N/A | AL95: =NA() -> #N/A | AM95: =NA() -> #N/A | AN95: =NA() -> #N/A | AO95: =NA() -> #N/A | AP95: =NA() -> #N/A
A96: 2.063871e+08 | C96: -2518000 | D96: -6273000 | E96: 500800 | F96: 4105 | G96: -1161 | H96: 6016 | I96: 3.7181935 | J96: -112.24934 | K96: 399963.69 | M96: -0.00050481409 | N96: 0.0076860189 | O96: 0.00082615763 | P96: 5.6624413e-05 | Q96: 0.00018361956 | R96: -0.00087320805 | AJ96: =NA() -> #N/A | AK96: =NA() -> #N/A | AL96: =NA() -> #N/A | AM96: =NA() -> #N/A | AN96: =NA() -> #N/A | AO96: =NA() -> #N/A | AP96: =NA() -> #N/A
A97: 2.063871e+08 | C97: -2517000 | D97: -6273000 | E97: 502300 | F97: 4105 | G97: -1159 | H97: 6016 | I97: 3.7181935 | J97: -112.24934 | K97: 399963.69 | M97: 0.0002432242 | N97: -0.0086218119 | O97: -0.00082906336 | P97: 0.000628829 | Q97: 0.00029210001 | R97: -0.00092089176 | AJ97: =NA() -> #N/A | AK97: =NA() -> #N/A | AL97: =NA() -> #N/A | AM97: =NA() -> #N/A | AN97: =NA() -> #N/A | AO97: =NA() -> #N/A | AP97: =NA() -> #N/A
A98: 2.063871e+08 | C98: -2516000 | D98: -6274000 | E98: 503800 | F98: 4106 | G98: -1157 | H98: 6016 | I98: 3.7181935 | J98: -112.24934 | K98: 399963.69 | M98: -0.00051017851 | N98: 0.0079721212 | O98: 0.00085238367 | P98: 0.00034272671 | Q98: 0.00033978373 | R98: -0.0008970499 | AJ98: =NA() -> #N/A | AK98: =NA() -> #N/A | AL98: =NA() -> #N/A | AM98: =NA() -> #N/A | AN98: =NA() -> #N/A | AO98: =NA() -> #N/A | AP98: =NA() -> #N/A
A99: 2.0638711e+08 | C99: -2515000 | D99: -6274000 | E99: 505300 | F99: 4107 | G99: -1155 | H99: 6015 | I99: 3.7181935 | J99: -112.24934 | K99: 399963.69 | M99: 0.00027064234 | N99: -0.0082165003 | O99: -0.00079389662 | P99: 0.001296401 | Q99: 0.00058654696 | R99: -0.00096857548 | AJ99: =NA() -> #N/A | AK99: =NA() -> #N/A | AL99: =NA() -> #N/A | AM99: =NA() -> #N/A | AN99: =NA() -> #N/A | AO99: =NA() -> #N/A | AP99: =NA() -> #N/A
A100: 2.0638711e+08 | C100: -2514000 | D100: -6274000 | E100: 506800 | F100: 4108 | G100: -1153 | H100: 6015 | I100: 3.7181935 | J100: -112.24934 | K100: 399963.69 | M100: -0.00065859407 | N100: 0.0078767538 | O100: 0.00086192042 | P100: -0.0023275614 | Q100: -0.000914298 | R100: -0.00087320805 | AJ100: =NA() -> #N/A | AK100: =NA() -> #N/A | AL100: =NA() -> #N/A | AM100: =NA() -> #N/A | AN100: =NA() -> #N/A | AO100: =NA() -> #N/A | AP100: =NA() -> #N/A
A101: 2.0638711e+08 | C101: -2513000 | D101: -6275000 | E101: 508300 | F101: 4108 | G101: -1152 | H101: 6015 | I101: 3.7181935 | J101: -112.24934 | K101: 399963.69 | M101: 0.00019077212 | N101: -0.0086933374 | O101: -0.0008308515 | P101: -0.00042021275 | Q101: -0.00017460436 | R101: -0.00092089176 | AJ101: =NA() -> #N/A | AK101: =NA() -> #N/A | AL101: =NA() -> #N/A | AM101: =NA() -> #N/A | AN101: =NA() -> #N/A | AO101: =NA() -> #N/A | AP101: =NA() -> #N/A
A102: 2.0638711e+08 | C102: -2511000 | D102: -6275000 | E102: 511200 | F102: 4110 | G102: -1148 | H102: 6015 | I102: 3.7181935 | J102: -112.24934 | K102: 399963.69 | M102: -0.00050302595 | N102: 0.0078290701 | O102: 0.00084046274 | P102: 0.00034272671 | Q102: 0.00031951815 | R102: -0.00087320805 | AJ102: =NA() -> #N/A | AK102: =NA() -> #N/A | AL102: =NA() -> #N/A | AM102: =NA() -> #N/A | AN102: =NA() -> #N/A | AO102: =NA() -> #N/A | AP102: =NA() -> #N/A
A103: 2.0638711e+08 | C103: -2510000 | D103: -6275000 | E103: 512800 | F103: 4111 | G103: -1146 | H103: 6015 | I103: 3.7181935 | J103: -112.24934 | K103: 399963.69 | M103: 0.00027064234 | N103: -0.0083357096 | O103: -0.0008052215 | P103: 0.0012487173 | Q103: 0.00056747347 | R103: -0.00094473362 | AJ103: =NA() -> #N/A | AK103: =NA() -> #N/A | AL103: =NA() -> #N/A | AM103: =NA() -> #N/A | AN103: =NA() -> #N/A | AO103: =NA() -> #N/A | AP103: =NA() -> #N/A
A104: 2.0638711e+08 | C104: -2508000 | D104: -6276000 | E104: 514300 | F104: 4111 | G104: -1144 | H104: 6014 | I104: 3.7181935 | J104: -112.24934 | K104: 399963.69 | M104: -0.00065024942 | N104: 0.0077337027 | O104: 0.00084880739 | P104: -0.0023514032 | Q104: -0.00092919916 | R104: -0.00087320805 | AJ104: =NA() -> #N/A | AK104: =NA() -> #N/A | AL104: =NA() -> #N/A | AM104: =NA() -> #N/A | AN104: =NA() -> #N/A | AO104: =NA() -> #N/A | AP104: =NA() -> #N/A
A105: 2.0638711e+08 | C105: -2507000 | D105: -6276000 | E105: 515700 | F105: 4112 | G105: -1142 | H105: 6014 | I105: 3.7181935 | J105: -112.24934 | K105: 399963.69 | M105: 0.00019077212 | N105: -0.0088125467 | O105: -0.00084396452 | P105: -0.0004440546 | Q105: -0.00018712133 | R105: -0.0008970499 | AJ105: =NA() -> #N/A | AK105: =NA() -> #N/A | AL105: =NA() -> #N/A | AM105: =NA() -> #N/A | AN105: =NA() -> #N/A | AO105: =NA() -> #N/A | AP105: =NA() -> #N/A
... A108: 2.0638711e+08 | C108: -2504000 | D108: -6277000 | E108: 520200 | F108: 4114 | G108: -1137 | H108: 6014 | I108: 3.7181935 | J108: -112.24934 | K108: 399963.69 | M108: -0.00063892454 | N108: 0.0075906515 | O108: 0.00083331019 | P108: -0.0023752451 | Q108: -0.00093396753 | R108: -0.00084936619 | AJ108: =NA() -> #N/A | AK108: =NA() -> #N/A | AL108: =NA() -> #N/A | AM108: =NA() -> #N/A | AN108: =NA() -> #N/A | AO108: =NA() -> #N/A | AP108: =NA() -> #N/A
A109: 2.0638711e+08 | C109: -2503000 | D109: -6277000 | E109: 521700 | F109: 4115 | G109: -1135 | H109: 6014 | I109: 3.7181935 | J109: -112.24931 | K109: 399963.69 | M109: 0.00019077212 | N109: -0.0089555979 | O109: -0.00085826963 | P109: -0.0004440546 | Q109: -0.00018831342 | R109: -0.00087320805 | AJ109: =NA() -> #N/A | AK109: =NA() -> #N/A | AL109: =NA() -> #N/A | AM109: =NA() -> #N/A | AN109: =NA() -> #N/A | AO109: 6 | AP109: =NA() -> #N/A
A110: 2.0638711e+08 | C110: -2501000 | D110: -6278000 | E110: 524700 | F110: 4117 | G110: -1131 | H110: 6013 | I110: 3.7182135 | J110: -112.24931 | K110: 399963.69 | M110: -0.00048097223 | N110: 0.0075906515 | O110: 0.00081066042 | P110: 0.00029504299 | Q110: 0.00030878931 | R110: -0.00084936619 | AJ110: =NA() -> #N/A | AK110: =NA() -> #N/A | AL110: =NA() -> #N/A | AM110: =NA() -> #N/A | AN110: =NA() -> #N/A | AO110: 6 | AP110: =NA() -> #N/A
...

Sheet Sheet1
A1: Eroare inserată | B1: Interval de timp aproximativ în grafic [s] | C1: Observație
A2: Salt de poziție / modificare ECEF | B2: 72.61 – 73.86 | C2: Coordonatele ECEF au fost modificate brusc, producând discontinuități în poziție.
A3: Salt de poziție / modificare ECEF | B3: 74.61 – 75.12 | C3: A fost introdusă o altă modificare punctuală în coordonatele ECEF.
A4: Salt de timp GNSS | B4: 83.62 – 85.37 | C4: Au fost modificate câmpurile de timp GNSS, inclusiv GPS_SECONDS și GPS_WEEKS.
A5: Eroare de heading | B5: 89.64 – 93.14 | C5: Au fost modificate valorile de latitudine și longitudine pentru a produce o schimbare de direcție necorelată cu IMU.
A6: Nepotrivire de viteză | B6: 105.41 – 114.43 | C6: Componentele vitezei GNSS au fost modificate, astfel încât viteza raportată să nu mai fie coerentă cu deplasarea.
A7: Poziție înghețată / altitudine modificată | B7: 139.46 – 145.72 | C7: Poziția a fost menținută aproape constantă, iar altitudinea a fost modificată pe intervale punctuale.
A8: Poziție înghețată / salt de poziție geografică | B8: 153.99 – 159.00 | C8: Latitudinea și longitudinea au fost menținute constante, apoi modificate brusc.
A9: Poziție înghețată / salt de poziție geografică | B9: 168.27 – 172.28 | C9: A fost introdusă o nouă zonă cu poziție constantă, urmată de modificare bruscă.
A10: Poziție înghețată / salt de poziție geografică | B10: 183.54 – 187.79 | C10: Poziția geografică a fost menținută constantă pe un interval, în timp ce celelalte câmpuri continuă să evolueze.
A11: GNSS stale / date indisponibile | B11: 197.56 – 223.87 | C11: Valorile GNSS au fost eliminate sau marcate ca indisponibile, rezultând o zonă fără date valide.
A12: Salt de poziție geografică | B12: 245.15 – 245.40 | C12: Latitudinea, longitudinea și altitudinea au fost schimbate brusc într-un interval scurt.
A13: Poziție înghețată / schimbare poziție | B13: 249.16 – 253.66 | C13: Poziția a fost menținută constantă, apoi modificată pentru a produce activarea flag-urilor asociate.
